stationId,timestamp,timestampDate,value,unit,parameterNo,parameterName
11799,2025-08-01T09:30:00.000Z,2025-08-01 09:30:00,7.88,---,pH,pH
11788,2025-08-01T09:30:00.000Z,2025-08-01 09:30:00,21.06,°C,WT,Water Temperature
11811,2025-08-01T09:30:00.000Z,2025-08-01 09:30:00,2.55,mg/l,BOD,Biochemical Oxygen Demand
11805,2025-08-01T09:30:00.000Z,2025-08-01 09:30:00,2.5,mg/l,BOD,Biochemical Oxygen Demand
11799,2025-08-01T09:30:00.000Z,2025-08-01 09:30:00,0.81,m,Depth,Depth
11803,2025-08-01T09:30:00.000Z,2025-08-01 09:30:00,5.19,mg/l,BOD,Biochemical Oxygen Demand
11810,2025-06-21T10:30:00.000Z,2025-06-21 10:30:00,13.94,mg/l,CL,Chloride
11793,2025-08-01T09:30:00.000Z,2025-08-01 09:30:00,0.55,mg/l,NO3,Nitrate
11822,2025-08-01T09:30:00.000Z,2025-08-01 09:30:00,30.33,°C,WT,Water Temperature
11793,2025-08-01T09:30:00.000Z,2025-08-01 09:30:00,605.1,mS/cm,EC,Conductivity
11811,2025-08-01T09:30:00.000Z,2025-08-01 09:30:00,55.43,m above MSL,S,Water Level
11815,2025-08-01T09:30:00.000Z,2025-08-01 09:30:00,593.96,NTU,WTb,Water Turbidity
11795,2025-08-01T09:30:00.000Z,2025-08-01 09:30:00,546.87,NTU,WTb,Water Turbidity
11815,2025-08-01T09:30:00.000Z,2025-08-01 09:30:00,29.57,°C,WT,Water Temperature
11795,2025-08-01T09:30:00.000Z,2025-08-01 09:30:00,30.98,°C,WT,Water Temperature
11807,2025-08-01T09:30:00.000Z,2025-08-01 09:30:00,25.17,mg/l,CL,Chloride
11822,2025-08-01T09:30:00.000Z,2025-08-01 09:30:00,5.66,mg/l,TOC,Total Organic Carbon
11799,2025-08-01T09:30:00.000Z,2025-08-01 09:30:00,2.03,mg/l,NO3,Nitrate
11788,2025-08-01T09:30:00.000Z,2025-08-01 09:30:00,1.0,mg/l,TOC,Total Organic Carbon
11820,2025-08-01T09:30:00.000Z,2025-08-01 09:30:00,7.89,---,pH,pH
11808,2025-08-01T09:30:00.000Z,2025-08-01 09:30:00,8.33,---,pH,pH
11799,2025-08-01T09:30:00.000Z,2025-08-01 09:30:00,428.25,mS/cm,EC,Conductivity
11810,2025-06-21T10:30:00.000Z,2025-06-21 10:30:00,1229.73,NTU,WTb,Water Turbidity
11786,2025-08-01T09:30:00.000Z,2025-08-01 09:30:00,1.37,m,Depth,Depth
11804,2025-08-01T09:30:00.000Z,2025-08-01 09:30:00,452.4,NTU,WTb,Water Turbidity
11802,2025-08-01T09:30:00.000Z,2025-08-01 09:30:00,697.6,NTU,WTb,Water Turbidity
11808,2025-08-01T09:30:00.000Z,2025-08-01 09:30:00,38.15,m above MSL,S,Water Level
11793,2025-08-01T09:30:00.000Z,2025-08-01 09:30:00,1.0,mg/l,DO,Dissolved Oxygen
11802,2025-08-01T09:30:00.000Z,2025-08-01 09:30:00,30.57,°C,WT,Water Temperature
11785,2025-08-01T09:30:00.000Z,2025-08-01 09:30:00,5.0,mg/l,CL,Chloride
11793,2025-08-01T09:30:00.000Z,2025-08-01 09:30:00,22.17,mg/l,COD,Chemical Oxygen Demand
11820,2025-08-01T09:30:00.000Z,2025-08-01 09:30:00,0.3,mg/l,NO3,Nitrate
11821,2025-08-01T09:30:00.000Z,2025-08-01 09:30:00,640.52,m above MSL,S,Water Level
11808,2025-08-01T09:30:00.000Z,2025-08-01 09:30:00,0.3,mg/l,NO3,Nitrate
11815,2025-08-01T09:30:00.000Z,2025-08-01 09:30:00,4.66,mg/l,TOC,Total Organic Carbon
11795,2025-08-01T09:30:00.000Z,2025-08-01 09:30:00,6.7,mg/l,TOC,Total Organic Carbon
11810,2025-06-21T10:30:00.000Z,2025-06-21 10:30:00,29.76,°C,WT,Water Temperature
11804,2025-08-01T09:30:00.000Z,2025-08-01 09:30:00,30.6,°C,WT,Water Temperature
11799,2025-08-01T09:30:00.000Z,2025-08-01 09:30:00,7.44,mg/l,DO,Dissolved Oxygen
11806,2025-08-01T09:30:00.000Z,2025-08-01 09:30:00,1.12,m,Depth,Depth
11820,2025-08-01T09:30:00.000Z,2025-08-01 09:30:00,249.2,mS/cm,EC,Conductivity
11784,2025-08-01T09:30:00.000Z,2025-08-01 09:30:00,112.2,NTU,WTb,Water Turbidity
11808,2025-08-01T09:30:00.000Z,2025-08-01 09:30:00,249.0,mS/cm,EC,Conductivity
11799,2025-08-01T09:30:00.000Z,2025-08-01 09:30:00,23.18,mg/l,COD,Chemical Oxygen Demand
11812,2025-08-01T09:30:00.000Z,2025-08-01 09:30:00,0.82,m,Depth,Depth
11788,2025-08-01T09:30:00.000Z,2025-08-01 09:30:00,8.4,---,pH,pH
11810,2025-06-21T10:30:00.000Z,2025-06-21 10:30:00,1.17,mg/l,TOC,Total Organic Carbon
11784,2025-08-01T09:30:00.000Z,2025-08-01 09:30:00,28.51,°C,WT,Water Temperature
11804,2025-08-01T09:30:00.000Z,2025-08-01 09:30:00,4.68,mg/l,TOC,Total Organic Carbon
11802,2025-08-01T09:30:00.000Z,2025-08-01 09:30:00,8.3,mg/l,TOC,Total Organic Carbon
11793,2025-08-01T09:30:00.000Z,2025-08-01 09:30:00,5.05,mg/l,BOD,Biochemical Oxygen Demand
11822,2025-08-01T09:30:00.000Z,2025-08-01 09:30:00,7.88,---,pH,pH
11818,2025-08-01T09:30:00.000Z,2025-08-01 09:30:00,194.22,m above MSL,S,Water Level
11813,2025-08-01T09:30:00.000Z,2025-08-01 09:30:00,24.37,mg/l,CL,Chloride
11820,2025-08-01T09:30:00.000Z,2025-08-01 09:30:00,7.1,mg/l,DO,Dissolved Oxygen
11808,2025-08-01T09:30:00.000Z,2025-08-01 09:30:00,8.22,mg/l,DO,Dissolved Oxygen
11815,2025-08-01T09:30:00.000Z,2025-08-01 09:30:00,7.53,---,pH,pH
11795,2025-08-01T09:30:00.000Z,2025-08-01 09:30:00,8.25,---,pH,pH
11822,2025-08-01T09:30:00.000Z,2025-08-01 09:30:00,0.3,mg/l,NO3,Nitrate
11817,2025-08-01T09:30:00.000Z,2025-08-01 09:30:00,14.2,m above MSL,S,Water Level
11799,2025-08-01T09:30:00.000Z,2025-08-01 09:30:00,5.79,mg/l,BOD,Biochemical Oxygen Demand
11784,2025-08-01T09:30:00.000Z,2025-08-01 09:30:00,4.57,mg/l,TOC,Total Organic Carbon
11788,2025-08-01T09:30:00.000Z,2025-08-01 09:30:00,0.3,mg/l,NO3,Nitrate
11800,2025-08-01T09:30:00.000Z,2025-08-01 09:30:00,100.63,m above MSL,S,Water Level
11820,2025-08-01T09:30:00.000Z,2025-08-01 09:30:00,11.74,mg/l,COD,Chemical Oxygen Demand
11808,2025-08-01T09:30:00.000Z,2025-08-01 09:30:00,16.08,mg/l,COD,Chemical Oxygen Demand
11788,2025-08-01T09:30:00.000Z,2025-08-01 09:30:00,172.0,mS/cm,EC,Conductivity
11803,2025-08-01T09:30:00.000Z,2025-08-01 09:30:00,0.79,m,Depth,Depth
11792,2022-10-04T07:30:00.000Z,2022-10-04 07:30:00,0.0,NTU,WTb,Water Turbidity
11814,2025-08-01T09:30:00.000Z,2025-08-01 09:30:00,20.08,mg/l,CL,Chloride
11799,2025-08-01T09:30:00.000Z,2025-08-01 09:30:00,47.55,mg/l,CL,Chloride
11822,2025-08-01T09:30:00.000Z,2025-08-01 09:30:00,245.1,mS/cm,EC,Conductivity
11802,2025-08-01T09:30:00.000Z,2025-08-01 09:30:00,8.4,---,pH,pH
11792,2022-10-04T07:30:00.000Z,2022-10-04 07:30:00,0.0,°C,WT,Water Temperature
11820,2025-08-01T09:30:00.000Z,2025-08-01 09:30:00,2.61,mg/l,BOD,Biochemical Oxygen Demand
11796,2025-08-01T09:30:00.000Z,2025-08-01 09:30:00,33.84,mg/l,CL,Chloride
11808,2025-08-01T09:30:00.000Z,2025-08-01 09:30:00,3.78,mg/l,BOD,Biochemical Oxygen Demand
11815,2025-08-01T09:30:00.000Z,2025-08-01 09:30:00,0.3,mg/l,NO3,Nitrate
11795,2025-08-01T09:30:00.000Z,2025-08-01 09:30:00,2.99,mg/l,NO3,Nitrate
11810,2025-06-21T10:30:00.000Z,2025-06-21 10:30:00,7.68,---,pH,pH
11804,2025-08-01T09:30:00.000Z,2025-08-01 09:30:00,8.15,---,pH,pH
11815,2025-08-01T09:30:00.000Z,2025-08-01 09:30:00,22.59,m above MSL,S,Water Level
11815,2025-08-01T09:30:00.000Z,2025-08-01 09:30:00,213.96,mS/cm,EC,Conductivity
11795,2025-08-01T09:30:00.000Z,2025-08-01 09:30:00,233.3,mS/cm,EC,Conductivity
11822,2025-08-01T09:30:00.000Z,2025-08-01 09:30:00,6.15,mg/l,DO,Dissolved Oxygen
11817,2025-08-01T09:30:00.000Z,2025-08-01 09:30:00,17.13,mg/l,CL,Chloride
11798,2025-08-01T09:30:00.000Z,2025-08-01 09:30:00,546.54,NTU,WTb,Water Turbidity
11788,2025-08-01T09:30:00.000Z,2025-08-01 09:30:00,8.93,mg/l,DO,Dissolved Oxygen
11818,2025-08-01T09:30:00.000Z,2025-08-01 09:30:00,0.75,m,Depth,Depth
11822,2025-08-01T09:30:00.000Z,2025-08-01 09:30:00,1.19,m,Depth,Depth
11784,2025-08-01T09:30:00.000Z,2025-08-01 09:30:00,7.95,---,pH,pH
11788,2025-08-01T09:30:00.000Z,2025-08-01 09:30:00,5.0,mg/l,COD,Chemical Oxygen Demand
11798,2025-08-01T09:30:00.000Z,2025-08-01 09:30:00,30.87,°C,WT,Water Temperature
11810,2025-06-21T10:30:00.000Z,2025-06-21 10:30:00,0.3,mg/l,NO3,Nitrate
11804,2025-08-01T09:30:00.000Z,2025-08-01 09:30:00,0.3,mg/l,NO3,Nitrate
11802,2025-08-01T09:30:00.000Z,2025-08-01 09:30:00,3.31,mg/l,NO3,Nitrate
11792,2022-10-04T07:30:00.000Z,2022-10-04 07:30:00,0.0,mg/l,TOC,Total Organic Carbon
11822,2025-08-01T09:30:00.000Z,2025-08-01 09:30:00,12.73,mg/l,COD,Chemical Oxygen Demand
11797,2025-08-01T09:30:00.000Z,2025-08-01 09:30:00,69.83,m above MSL,S,Water Level
11802,2025-08-01T09:30:00.000Z,2025-08-01 09:30:00,289.3,mS/cm,EC,Conductivity
11814,2025-08-01T09:30:00.000Z,2025-08-01 09:30:00,4.17,m,Depth,Depth
11813,2025-08-01T09:30:00.000Z,2025-08-01 09:30:00,263.44,NTU,WTb,Water Turbidity
11807,2025-08-01T09:30:00.000Z,2025-08-01 09:30:00,771.0,NTU,WTb,Water Turbidity
11815,2025-08-01T09:30:00.000Z,2025-08-01 09:30:00,6.67,mg/l,DO,Dissolved Oxygen
11795,2025-08-01T09:30:00.000Z,2025-08-01 09:30:00,7.78,mg/l,DO,Dissolved Oxygen
11810,2025-06-21T10:30:00.000Z,2025-06-21 10:30:00,196.2,mS/cm,EC,Conductivity
11804,2025-08-01T09:30:00.000Z,2025-08-01 09:30:00,211.23,mS/cm,EC,Conductivity
11805,2025-08-01T09:30:00.000Z,2025-08-01 09:30:00,55.19,m above MSL,S,Water Level
11815,2025-08-01T09:30:00.000Z,2025-08-01 09:30:00,11.54,mg/l,COD,Chemical Oxygen Demand
11795,2025-08-01T09:30:00.000Z,2025-08-01 09:30:00,15.69,mg/l,COD,Chemical Oxygen Demand
11822,2025-08-01T09:30:00.000Z,2025-08-01 09:30:00,2.83,mg/l,BOD,Biochemical Oxygen Demand
11784,2025-08-01T09:30:00.000Z,2025-08-01 09:30:00,0.3,mg/l,NO3,Nitrate
11805,2025-08-01T09:30:00.000Z,2025-08-01 09:30:00,0.88,m,Depth,Depth
11788,2025-08-01T09:30:00.000Z,2025-08-01 09:30:00,0.5,mg/l,BOD,Biochemical Oxygen Demand
11798,2025-08-01T09:30:00.000Z,2025-08-01 09:30:00,10.74,mg/l,TOC,Total Organic Carbon
11813,2025-08-01T09:30:00.000Z,2025-08-01 09:30:00,24.47,°C,WT,Water Temperature
11807,2025-08-01T09:30:00.000Z,2025-08-01 09:30:00,30.66,°C,WT,Water Temperature
11784,2025-08-01T09:30:00.000Z,2025-08-01 09:30:00,223.14,mS/cm,EC,Conductivity
11789,2025-08-01T09:30:00.000Z,2025-08-01 09:30:00,0.0,NTU,WTb,Water Turbidity
11804,2025-08-01T09:30:00.000Z,2025-08-01 09:30:00,13.25,mg/l,CL,Chloride
11804,2025-08-01T09:30:00.000Z,2025-08-01 09:30:00,7.49,mg/l,DO,Dissolved Oxygen
11802,2025-08-01T09:30:00.000Z,2025-08-01 09:30:00,7.89,mg/l,DO,Dissolved Oxygen
11816,2025-08-01T09:30:00.000Z,2025-08-01 09:30:00,30.32,°C,WT,Water Temperature
11822,2025-08-01T09:30:00.000Z,2025-08-01 09:30:00,38.0,m above MSL,S,Water Level
11785,2025-08-01T09:30:00.000Z,2025-08-01 09:30:00,4.39,m,Depth,Depth
11796,2025-08-01T09:30:00.000Z,2025-08-01 09:30:00,30.97,°C,WT,Water Temperature
11785,2025-08-01T09:30:00.000Z,2025-08-01 09:30:00,1.0,mg/l,TOC,Total Organic Carbon
11800,2025-08-01T09:30:00.000Z,2025-08-01 09:30:00,3.82,mg/l,NO3,Nitrate
11790,2025-08-01T09:30:00.000Z,2025-08-01 09:30:00,14.08,mg/l,TOC,Total Organic Carbon
11786,2025-08-01T09:30:00.000Z,2025-08-01 09:30:00,5.0,mg/l,CL,Chloride
11821,2025-08-01T09:30:00.000Z,2025-08-01 09:30:00,8.04,---,pH,pH
11809,2025-08-01T09:30:00.000Z,2025-08-01 09:30:00,8.14,---,pH,pH
11790,2025-08-01T09:30:00.000Z,2025-08-01 09:30:00,200.0,mg/l,CL,Chloride
11800,2025-08-01T09:30:00.000Z,2025-08-01 09:30:00,443.0,mS/cm,EC,Conductivity
11802,2025-08-01T09:30:00.000Z,2025-08-01 09:30:00,0.73,m,Depth,Depth
11811,2025-08-01T09:30:00.000Z,2025-08-01 09:30:00,772.9,NTU,WTb,Water Turbidity
11805,2025-08-01T09:30:00.000Z,2025-08-01 09:30:00,385.19,NTU,WTb,Water Turbidity
11821,2025-08-01T09:30:00.000Z,2025-08-01 09:30:00,5.0,mg/l,CL,Chloride
11791,2022-07-05T10:30:00.000Z,2022-07-05 10:30:00,-0.05,m,Depth,Depth
11794,2025-08-01T09:30:00.000Z,2025-08-01 09:30:00,4.76,mg/l,DO,Dissolved Oxygen
11794,2025-08-01T09:30:00.000Z,2025-08-01 09:30:00,37.41,mg/l,COD,Chemical Oxygen Demand
11821,2025-08-01T09:30:00.000Z,2025-08-01 09:30:00,0.3,mg/l,NO3,Nitrate
11809,2025-08-01T09:30:00.000Z,2025-08-01 09:30:00,0.3,mg/l,NO3,Nitrate
11816,2025-08-01T09:30:00.000Z,2025-08-01 09:30:00,5.38,mg/l,TOC,Total Organic Carbon
11796,2025-08-01T09:30:00.000Z,2025-08-01 09:30:00,5.3,mg/l,TOC,Total Organic Carbon
11811,2025-08-01T09:30:00.000Z,2025-08-01 09:30:00,27.71,°C,WT,Water Temperature
11818,2025-08-01T09:30:00.000Z,2025-08-01 09:30:00,29.0,mg/l,CL,Chloride
11805,2025-08-01T09:30:00.000Z,2025-08-01 09:30:00,29.85,°C,WT,Water Temperature
11819,2025-08-01T09:30:00.000Z,2025-08-01 09:30:00,61.09,m above MSL,S,Water Level
11800,2025-08-01T09:30:00.000Z,2025-08-01 09:30:00,6.8,mg/l,DO,Dissolved Oxygen
11821,2025-08-01T09:30:00.000Z,2025-08-01 09:30:00,243.7,mS/cm,EC,Conductivity
11809,2025-08-01T09:30:00.000Z,2025-08-01 09:30:00,133.56,mS/cm,EC,Conductivity
11800,2025-08-01T09:30:00.000Z,2025-08-01 09:30:00,20.75,mg/l,COD,Chemical Oxygen Demand
11790,2025-08-01T09:30:00.000Z,2025-08-01 09:30:00,6.04,---,pH,pH
11811,2025-08-01T09:30:00.000Z,2025-08-01 09:30:00,5.63,mg/l,TOC,Total Organic Carbon
11805,2025-08-01T09:30:00.000Z,2025-08-01 09:30:00,5.0,mg/l,TOC,Total Organic Carbon
11783,2025-08-01T09:30:00.000Z,2025-08-01 09:30:00,0.3,mg/l,NO3,Nitrate
11790,2025-08-01T09:30:00.000Z,2025-08-01 09:30:00,0.25,m,Depth,Depth
11793,2025-08-01T09:30:00.000Z,2025-08-01 09:30:00,80.1,mg/l,CL,Chloride
11794,2025-08-01T09:30:00.000Z,2025-08-01 09:30:00,10.69,mg/l,BOD,Biochemical Oxygen Demand
11785,2025-08-01T09:30:00.000Z,2025-08-01 09:30:00,7.84,---,pH,pH
11783,2025-08-01T09:30:00.000Z,2025-08-01 09:30:00,216.95,mS/cm,EC,Conductivity
11788,2025-08-01T09:30:00.000Z,2025-08-01 09:30:00,284.01,m above MSL,S,Water Level
11821,2025-08-01T09:30:00.000Z,2025-08-01 09:30:00,9.06,mg/l,DO,Dissolved Oxygen
11809,2025-08-01T09:30:00.000Z,2025-08-01 09:30:00,7.12,mg/l,DO,Dissolved Oxygen
11816,2025-08-01T09:30:00.000Z,2025-08-01 09:30:00,7.62,---,pH,pH
11796,2025-08-01T09:30:00.000Z,2025-08-01 09:30:00,8.35,---,pH,pH
11785,2025-08-01T09:30:00.000Z,2025-08-01 09:30:00,0.3,mg/l,NO3,Nitrate
11800,2025-08-01T09:30:00.000Z,2025-08-01 09:30:00,5.13,mg/l,BOD,Biochemical Oxygen Demand
11790,2025-08-01T09:30:00.000Z,2025-08-01 09:30:00,1.04,mg/l,NO3,Nitrate
11802,2025-08-01T09:30:00.000Z,2025-08-01 09:30:00,101.12,m above MSL,S,Water Level
11821,2025-08-01T09:30:00.000Z,2025-08-01 09:30:00,5.0,mg/l,COD,Chemical Oxygen Demand
11809,2025-08-01T09:30:00.000Z,2025-08-01 09:30:00,12.78,mg/l,COD,Chemical Oxygen Demand
11798,2025-08-01T09:30:00.000Z,2025-08-01 09:30:00,1.17,m,Depth,Depth
11790,2025-08-01T09:30:00.000Z,2025-08-01 09:30:00,333.0,mS/cm,EC,Conductivity
11783,2025-08-01T09:30:00.000Z,2025-08-01 09:30:00,7.17,mg/l,DO,Dissolved Oxygen
11793,2025-08-01T09:30:00.000Z,2025-08-01 09:30:00,1131.67,NTU,WTb,Water Turbidity
11784,2025-08-01T09:30:00.000Z,2025-08-01 09:30:00,17.97,mg/l,CL,Chloride
11785,2025-08-01T09:30:00.000Z,2025-08-01 09:30:00,182.8,mS/cm,EC,Conductivity
11791,2022-07-05T10:30:00.000Z,2022-07-05 10:30:00,222.95,m above MSL,S,Water Level
11783,2025-08-01T09:30:00.000Z,2025-08-01 09:30:00,11.41,mg/l,COD,Chemical Oxygen Demand
11793,2025-08-01T09:30:00.000Z,2025-08-01 09:30:00,30.78,°C,WT,Water Temperature
11821,2025-08-01T09:30:00.000Z,2025-08-01 09:30:00,0.5,mg/l,BOD,Biochemical Oxygen Demand
11809,2025-08-01T09:30:00.000Z,2025-08-01 09:30:00,35.93,m above MSL,S,Water Level
11809,2025-08-01T09:30:00.000Z,2025-08-01 09:30:00,2.65,mg/l,BOD,Biochemical Oxygen Demand
11816,2025-08-01T09:30:00.000Z,2025-08-01 09:30:00,0.3,mg/l,NO3,Nitrate
11796,2025-08-01T09:30:00.000Z,2025-08-01 09:30:00,2.5,mg/l,NO3,Nitrate
11811,2025-08-01T09:30:00.000Z,2025-08-01 09:30:00,7.89,---,pH,pH
11805,2025-08-01T09:30:00.000Z,2025-08-01 09:30:00,8.12,---,pH,pH
11816,2025-08-01T09:30:00.000Z,2025-08-01 09:30:00,238.63,mS/cm,EC,Conductivity
11796,2025-08-01T09:30:00.000Z,2025-08-01 09:30:00,362.67,mS/cm,EC,Conductivity
11785,2025-08-01T09:30:00.000Z,2025-08-01 09:30:00,9.44,mg/l,DO,Dissolved Oxygen
11799,2025-08-01T09:30:00.000Z,2025-08-01 09:30:00,93.44,NTU,WTb,Water Turbidity
11790,2025-08-01T09:30:00.000Z,2025-08-01 09:30:00,1.04,mg/l,DO,Dissolved Oxygen
11808,2025-08-01T09:30:00.000Z,2025-08-01 09:30:00,9.21,mg/l,CL,Chloride
11799,2025-08-01T09:30:00.000Z,2025-08-01 09:30:00,31.25,°C,WT,Water Temperature
11790,2025-08-01T09:30:00.000Z,2025-08-01 09:30:00,28.17,mg/l,COD,Chemical Oxygen Demand
11811,2025-08-01T09:30:00.000Z,2025-08-01 09:30:00,0.3,mg/l,NO3,Nitrate
11805,2025-08-01T09:30:00.000Z,2025-08-01 09:30:00,0.3,mg/l,NO3,Nitrate
11796,2025-08-01T09:30:00.000Z,2025-08-01 09:30:00,2.24,m,Depth,Depth
11783,2025-08-01T09:30:00.000Z,2025-08-01 09:30:00,2.53,mg/l,BOD,Biochemical Oxygen Demand
11806,2025-08-01T09:30:00.000Z,2025-08-01 09:30:00,45.13,m above MSL,S,Water Level
11808,2025-08-01T09:30:00.000Z,2025-08-01 09:30:00,0.72,m,Depth,Depth
11793,2025-08-01T09:30:00.000Z,2025-08-01 09:30:00,10.11,mg/l,TOC,Total Organic Carbon
11785,2025-08-01T09:30:00.000Z,2025-08-01 09:30:00,5.0,mg/l,COD,Chemical Oxygen Demand
11817,2025-08-01T09:30:00.000Z,2025-08-01 09:30:00,2.89,m,Depth,Depth
11805,2025-08-01T09:30:00.000Z,2025-08-01 09:30:00,12.37,mg/l,CL,Chloride
11820,2025-08-01T09:30:00.000Z,2025-08-01 09:30:00,822.41,NTU,WTb,Water Turbidity
11808,2025-08-01T09:30:00.000Z,2025-08-01 09:30:00,99.06,NTU,WTb,Water Turbidity
11816,2025-08-01T09:30:00.000Z,2025-08-01 09:30:00,6.62,mg/l,DO,Dissolved Oxygen
11796,2025-08-01T09:30:00.000Z,2025-08-01 09:30:00,7.1,mg/l,DO,Dissolved Oxygen
11811,2025-08-01T09:30:00.000Z,2025-08-01 09:30:00,205.3,mS/cm,EC,Conductivity
11805,2025-08-01T09:30:00.000Z,2025-08-01 09:30:00,290.06,mS/cm,EC,Conductivity
11811,2025-08-01T09:30:00.000Z,2025-08-01 09:30:00,11.67,mg/l,CL,Chloride
11816,2025-08-01T09:30:00.000Z,2025-08-01 09:30:00,12.1,mg/l,COD,Chemical Oxygen Demand
11796,2025-08-01T09:30:00.000Z,2025-08-01 09:30:00,11.87,mg/l,COD,Chemical Oxygen Demand
11785,2025-08-01T09:30:00.000Z,2025-08-01 09:30:00,0.5,mg/l,BOD,Biochemical Oxygen Demand
11799,2025-08-01T09:30:00.000Z,2025-08-01 09:30:00,11.59,mg/l,TOC,Total Organic Carbon
11790,2025-08-01T09:30:00.000Z,2025-08-01 09:30:00,7.04,mg/l,BOD,Biochemical Oxygen Demand
11820,2025-08-01T09:30:00.000Z,2025-08-01 09:30:00,30.1,°C,WT,Water Temperature
11785,2025-08-01T09:30:00.000Z,2025-08-01 09:30:00,608.5,m above MSL,S,Water Level
11808,2025-08-01T09:30:00.000Z,2025-08-01 09:30:00,31.84,°C,WT,Water Temperature
11789,2025-08-01T09:30:00.000Z,2025-08-01 09:30:00,0.82,m,Depth,Depth
11811,2025-08-01T09:30:00.000Z,2025-08-01 09:30:00,7.36,mg/l,DO,Dissolved Oxygen
11805,2025-08-01T09:30:00.000Z,2025-08-01 09:30:00,5.73,mg/l,DO,Dissolved Oxygen
11803,2025-08-01T09:30:00.000Z,2025-08-01 09:30:00,6.56,mg/l,DO,Dissolved Oxygen
11793,2025-08-01T09:30:00.000Z,2025-08-01 09:30:00,1.85,m,Depth,Depth
11812,2025-08-01T09:30:00.000Z,2025-08-01 09:30:00,134.35,m above MSL,S,Water Level
11803,2025-08-01T09:30:00.000Z,2025-08-01 09:30:00,20.78,mg/l,COD,Chemical Oxygen Demand
11793,2025-08-01T09:30:00.000Z,2025-08-01 09:30:00,7.35,---,pH,pH
11820,2025-08-01T09:30:00.000Z,2025-08-01 09:30:00,5.22,mg/l,TOC,Total Organic Carbon
11808,2025-08-01T09:30:00.000Z,2025-08-01 09:30:00,9.46,mg/l,TOC,Total Organic Carbon
11816,2025-08-01T09:30:00.000Z,2025-08-01 09:30:00,2.69,mg/l,BOD,Biochemical Oxygen Demand
11796,2025-08-01T09:30:00.000Z,2025-08-01 09:30:00,2.44,mg/l,BOD,Biochemical Oxygen Demand
11811,2025-08-01T09:30:00.000Z,2025-08-01 09:30:00,11.68,mg/l,COD,Chemical Oxygen Demand
11805,2025-08-01T09:30:00.000Z,2025-08-01 09:30:00,11.26,mg/l,COD,Chemical Oxygen Demand
11822,2025-08-01T09:30:00.000Z,2025-08-01 09:30:00,698.98,NTU,WTb,Water Turbidity
11788,2025-08-01T09:30:00.000Z,2025-08-01 09:30:00,199.6,NTU,WTb,Water Turbidity
11814,2025-08-01T09:30:00.000Z,2025-08-01 09:30:00,7.97,mg/l,COD,Chemical Oxygen Demand
11818,2025-08-01T09:30:00.000Z,2025-08-01 09:30:00,20.36,mg/l,COD,Chemical Oxygen Demand
11787,2025-08-01T09:30:00.000Z,2025-08-01 09:30:00,0.5,mg/l,BOD,Biochemical Oxygen Demand
11819,2025-08-01T09:30:00.000Z,2025-08-01 09:30:00,2.34,mg/l,BOD,Biochemical Oxygen Demand
11817,2025-08-01T09:30:00.000Z,2025-08-01 09:30:00,5.59,mg/l,TOC,Total Organic Carbon
11816,2025-08-01T09:30:00.000Z,2025-08-01 09:30:00,9.23,m above MSL,S,Water Level
11797,2025-08-01T09:30:00.000Z,2025-08-01 09:30:00,10.84,mg/l,TOC,Total Organic Carbon
11795,2025-08-01T09:30:00.000Z,2025-08-01 09:30:00,1.16,m,Depth,Depth
11812,2025-08-01T09:30:00.000Z,2025-08-01 09:30:00,29.15,°C,WT,Water Temperature
11806,2025-08-01T09:30:00.000Z,2025-08-01 09:30:00,31.37,°C,WT,Water Temperature
11804,2025-08-01T09:30:00.000Z,2025-08-01 09:30:00,2.14,m,Depth,Depth
11801,2025-08-01T09:30:00.000Z,2025-08-01 09:30:00,3.51,mg/l,DO,Dissolved Oxygen
11801,2025-08-01T09:30:00.000Z,2025-08-01 09:30:00,36.01,mg/l,COD,Chemical Oxygen Demand
11791,2022-07-05T10:30:00.000Z,2022-07-05 10:30:00,7.14,---,pH,pH
11815,2025-08-01T09:30:00.000Z,2025-08-01 09:30:00,20.38,mg/l,CL,Chloride
11803,2025-08-01T09:30:00.000Z,2025-08-01 09:30:00,169.02,m above MSL,S,Water Level
11812,2025-08-01T09:30:00.000Z,2025-08-01 09:30:00,4.6,mg/l,TOC,Total Organic Carbon
11807,2025-08-01T09:30:00.000Z,2025-08-01 09:30:00,0.69,m,Depth,Depth
11806,2025-08-01T09:30:00.000Z,2025-08-01 09:30:00,1.0,mg/l,TOC,Total Organic Carbon
11814,2025-08-01T09:30:00.000Z,2025-08-01 09:30:00,1.45,mg/l,BOD,Biochemical Oxygen Demand
11818,2025-08-01T09:30:00.000Z,2025-08-01 09:30:00,5.09,mg/l,BOD,Biochemical Oxygen Demand
11786,2025-08-01T09:30:00.000Z,2025-08-01 09:30:00,109.7,NTU,WTb,Water Turbidity
11802,2025-08-01T09:30:00.000Z,2025-08-01 09:30:00,31.3,mg/l,CL,Chloride
11810,2025-06-21T10:30:00.000Z,2025-06-21 10:30:00,7.34,mg/l,DO,Dissolved Oxygen
11810,2025-06-21T10:30:00.000Z,2025-06-21 10:30:00,0.32,m,Depth,Depth
11817,2025-08-01T09:30:00.000Z,2025-08-01 09:30:00,8.11,---,pH,pH
11797,2025-08-01T09:30:00.000Z,2025-08-01 09:30:00,8.31,---,pH,pH
11786,2025-08-01T09:30:00.000Z,2025-08-01 09:30:00,0.3,mg/l,NO3,Nitrate
11800,2025-08-01T09:30:00.000Z,2025-08-01 09:30:00,120.78,mg/l,CL,Chloride
11801,2025-08-01T09:30:00.000Z,2025-08-01 09:30:00,9.0,mg/l,BOD,Biochemical Oxygen Demand
11791,2022-07-05T10:30:00.000Z,2022-07-05 10:30:00,50.0,mg/l,NO3,Nitrate
11786,2025-08-01T09:30:00.000Z,2025-08-01 09:30:00,18.3,°C,WT,Water Temperature
11810,2025-06-21T10:30:00.000Z,2025-06-21 10:30:00,5.0,mg/l,COD,Chemical Oxygen Demand
11791,2022-07-05T10:30:00.000Z,2022-07-05 10:30:00,930.9,mS/cm,EC,Conductivity
11801,2025-08-01T09:30:00.000Z,2025-08-01 09:30:00,107.18,m above MSL,S,Water Level
11815,2025-08-01T09:30:00.000Z,2025-08-01 09:30:00,1.42,m,Depth,Depth
11803,2025-08-01T09:30:00.000Z,2025-08-01 09:30:00,59.6,NTU,WTb,Water Turbidity
11794,2025-08-01T09:30:00.000Z,2025-08-01 09:30:00,0.0,NTU,WTb,Water Turbidity
11786,2025-08-01T09:30:00.000Z,2025-08-01 09:30:00,149.4,mS/cm,EC,Conductivity
11795,2025-08-01T09:30:00.000Z,2025-08-01 09:30:00,92.22,m above MSL,S,Water Level
11803,2025-08-01T09:30:00.000Z,2025-08-01 09:30:00,32.78,°C,WT,Water Temperature
11794,2025-08-01T09:30:00.000Z,2025-08-01 09:30:00,29.48,°C,WT,Water Temperature
11786,2025-08-01T09:30:00.000Z,2025-08-01 09:30:00,1.0,mg/l,TOC,Total Organic Carbon
11810,2025-06-21T10:30:00.000Z,2025-06-21 10:30:00,0.92,mg/l,BOD,Biochemical Oxygen Demand
11817,2025-08-01T09:30:00.000Z,2025-08-01 09:30:00,0.3,mg/l,NO3,Nitrate
11797,2025-08-01T09:30:00.000Z,2025-08-01 09:30:00,2.43,mg/l,NO3,Nitrate
11812,2025-08-01T09:30:00.000Z,2025-08-01 09:30:00,8.22,---,pH,pH
11797,2025-08-01T09:30:00.000Z,2025-08-01 09:30:00,31.16,mg/l,CL,Chloride
11806,2025-08-01T09:30:00.000Z,2025-08-01 09:30:00,7.21,---,pH,pH
11817,2025-08-01T09:30:00.000Z,2025-08-01 09:30:00,216.25,mS/cm,EC,Conductivity
11797,2025-08-01T09:30:00.000Z,2025-08-01 09:30:00,254.9,mS/cm,EC,Conductivity
11786,2025-08-01T09:30:00.000Z,2025-08-01 09:30:00,10.07,mg/l,DO,Dissolved Oxygen
11800,2025-08-01T09:30:00.000Z,2025-08-01 09:30:00,366.79,NTU,WTb,Water Turbidity
11791,2022-07-05T10:30:00.000Z,2022-07-05 10:30:00,0.2,mg/l,DO,Dissolved Oxygen
11798,2025-08-01T09:30:00.000Z,2025-08-01 09:30:00,62.07,m above MSL,S,Water Level
11786,2025-08-01T09:30:00.000Z,2025-08-01 09:30:00,7.89,---,pH,pH
11800,2025-08-01T09:30:00.000Z,2025-08-01 09:30:00,30.85,°C,WT,Water Temperature
11791,2022-07-05T10:30:00.000Z,2022-07-05 10:30:00,259.54,mg/l,COD,Chemical Oxygen Demand
11812,2025-08-01T09:30:00.000Z,2025-08-01 09:30:00,0.3,mg/l,NO3,Nitrate
11806,2025-08-01T09:30:00.000Z,2025-08-01 09:30:00,0.3,mg/l,NO3,Nitrate
11803,2025-08-01T09:30:00.000Z,2025-08-01 09:30:00,10.39,mg/l,TOC,Total Organic Carbon
11794,2025-08-01T09:30:00.000Z,2025-08-01 09:30:00,18.7,mg/l,TOC,Total Organic Carbon
11786,2025-08-01T09:30:00.000Z,2025-08-01 09:30:00,5.0,mg/l,COD,Chemical Oxygen Demand
11789,2025-08-01T09:30:00.000Z,2025-08-01 09:30:00,206.87,m above MSL,S,Water Level
11821,2025-08-01T09:30:00.000Z,2025-08-01 09:30:00,401.16,NTU,WTb,Water Turbidity
11809,2025-08-01T09:30:00.000Z,2025-08-01 09:30:00,359.74,NTU,WTb,Water Turbidity
11809,2025-08-01T09:30:00.000Z,2025-08-01 09:30:00,0.8,m,Depth,Depth
11817,2025-08-01T09:30:00.000Z,2025-08-01 09:30:00,5.96,mg/l,DO,Dissolved Oxygen
11797,2025-08-01T09:30:00.000Z,2025-08-01 09:30:00,7.4,mg/l,DO,Dissolved Oxygen
11812,2025-08-01T09:30:00.000Z,2025-08-01 09:30:00,277.55,mS/cm,EC,Conductivity
11806,2025-08-01T09:30:00.000Z,2025-08-01 09:30:00,199.1,mS/cm,EC,Conductivity
11817,2025-08-01T09:30:00.000Z,2025-08-01 09:30:00,12.57,mg/l,COD,Chemical Oxygen Demand
11797,2025-08-01T09:30:00.000Z,2025-08-01 09:30:00,20.69,mg/l,COD,Chemical Oxygen Demand
11786,2025-08-01T09:30:00.000Z,2025-08-01 09:30:00,0.5,mg/l,BOD,Biochemical Oxygen Demand
11813,2025-08-01T09:30:00.000Z,2025-08-01 09:30:00,37.35,m above MSL,S,Water Level
11800,2025-08-01T09:30:00.000Z,2025-08-01 09:30:00,10.32,mg/l,TOC,Total Organic Carbon
11791,2022-07-05T10:30:00.000Z,2022-07-05 10:30:00,72.49,mg/l,BOD,Biochemical Oxygen Demand
11821,2025-08-01T09:30:00.000Z,2025-08-01 09:30:00,20.64,°C,WT,Water Temperature
11809,2025-08-01T09:30:00.000Z,2025-08-01 09:30:00,30.67,°C,WT,Water Temperature
11800,2025-08-01T09:30:00.000Z,2025-08-01 09:30:00,1.13,m,Depth,Depth
11812,2025-08-01T09:30:00.000Z,2025-08-01 09:30:00,7.02,mg/l,DO,Dissolved Oxygen
11806,2025-08-01T09:30:00.000Z,2025-08-01 09:30:00,4.34,mg/l,DO,Dissolved Oxygen
11812,2025-08-01T09:30:00.000Z,2025-08-01 09:30:00,56.68,mg/l,CL,Chloride
11803,2025-08-01T09:30:00.000Z,2025-08-01 09:30:00,7.26,---,pH,pH
11794,2025-08-01T09:30:00.000Z,2025-08-01 09:30:00,6.3,---,pH,pH
11821,2025-08-01T09:30:00.000Z,2025-08-01 09:30:00,1.0,mg/l,TOC,Total Organic Carbon
11809,2025-08-01T09:30:00.000Z,2025-08-01 09:30:00,5.71,mg/l,TOC,Total Organic Carbon
11817,2025-08-01T09:30:00.000Z,2025-08-01 09:30:00,2.79,mg/l,BOD,Biochemical Oxygen Demand
11797,2025-08-01T09:30:00.000Z,2025-08-01 09:30:00,5.43,mg/l,BOD,Biochemical Oxygen Demand
11822,2025-08-01T09:30:00.000Z,2025-08-01 09:30:00,19.41,mg/l,CL,Chloride
11812,2025-08-01T09:30:00.000Z,2025-08-01 09:30:00,10.36,mg/l,COD,Chemical Oxygen Demand
11806,2025-08-01T09:30:00.000Z,2025-08-01 09:30:00,5.0,mg/l,COD,Chemical Oxygen Demand
11785,2025-08-01T09:30:00.000Z,2025-08-01 09:30:00,2000.0,NTU,WTb,Water Turbidity
11791,2022-07-05T10:30:00.000Z,2022-07-05 10:30:00,0.0,mg/l,CL,Chloride
11790,2025-08-01T09:30:00.000Z,2025-08-01 09:30:00,0.0,NTU,WTb,Water Turbidity
11783,2025-08-01T09:30:00.000Z,2025-08-01 09:30:00,65.18,m above MSL,S,Water Level
11800,2025-08-01T09:30:00.000Z,2025-08-01 09:30:00,8.1,---,pH,pH
11790,2025-08-01T09:30:00.000Z,2025-08-01 09:30:00,31.07,°C,WT,Water Temperature
11812,2025-08-01T09:30:00.000Z,2025-08-01 09:30:00,2.3,mg/l,BOD,Biochemical Oxygen Demand
11784,2025-08-01T09:30:00.000Z,2025-08-01 09:30:00,0.98,m,Depth,Depth
11819,2025-08-01T09:30:00.000Z,2025-08-01 09:30:00,11.0,mg/l,CL,Chloride
11806,2025-08-01T09:30:00.000Z,2025-08-01 09:30:00,0.5,mg/l,BOD,Biochemical Oxygen Demand
11803,2025-08-01T09:30:00.000Z,2025-08-01 09:30:00,8.06,mg/l,NO3,Nitrate
11794,2025-08-01T09:30:00.000Z,2025-08-01 09:30:00,4.4,mg/l,NO3,Nitrate
11785,2025-08-01T09:30:00.000Z,2025-08-01 09:30:00,17.04,°C,WT,Water Temperature
11803,2025-08-01T09:30:00.000Z,2025-08-01 09:30:00,457.85,mS/cm,EC,Conductivity
11794,2025-08-01T09:30:00.000Z,2025-08-01 09:30:00,40.9,mS/cm,EC,Conductivity
11816,2025-08-01T09:30:00.000Z,2025-08-01 09:30:00,92.49,NTU,WTb,Water Turbidity
11796,2025-08-01T09:30:00.000Z,2025-08-01 09:30:00,166.69,NTU,WTb,Water Turbidity
11802,2025-08-01T09:30:00.000Z,2025-08-01 09:30:00,16.33,mg/l,COD,Chemical Oxygen Demand
11792,2022-10-04T07:30:00.000Z,2022-10-04 07:30:00,0.0,---,pH,pH
11813,2025-08-01T09:30:00.000Z,2025-08-01 09:30:00,5.35,mg/l,TOC,Total Organic Carbon
11807,2025-08-01T09:30:00.000Z,2025-08-01 09:30:00,4.92,mg/l,TOC,Total Organic Carbon
11815,2025-08-01T09:30:00.000Z,2025-08-01 09:30:00,2.08,mg/l,BOD,Biochemical Oxygen Demand
11795,2025-08-01T09:30:00.000Z,2025-08-01 09:30:00,3.34,mg/l,BOD,Biochemical Oxygen Demand
11789,2025-08-01T09:30:00.000Z,2025-08-01 09:30:00,28.92,°C,WT,Water Temperature
11801,2025-08-01T09:30:00.000Z,2025-08-01 09:30:00,28.27,mg/l,CL,Chloride
11804,2025-08-01T09:30:00.000Z,2025-08-01 09:30:00,5.0,mg/l,COD,Chemical Oxygen Demand
11819,2025-08-01T09:30:00.000Z,2025-08-01 09:30:00,506.3,NTU,WTb,Water Turbidity
11787,2025-08-01T09:30:00.000Z,2025-08-01 09:30:00,442.12,NTU,WTb,Water Turbidity
11786,2025-08-01T09:30:00.000Z,2025-08-01 09:30:00,641.37,m above MSL,S,Water Level
11784,2025-08-01T09:30:00.000Z,2025-08-01 09:30:00,7.1,mg/l,DO,Dissolved Oxygen
11804,2025-08-01T09:30:00.000Z,2025-08-01 09:30:00,52.14,m above MSL,S,Water Level
11784,2025-08-01T09:30:00.000Z,2025-08-01 09:30:00,9.77,mg/l,COD,Chemical Oxygen Demand
11788,2025-08-01T09:30:00.000Z,2025-08-01 09:30:00,1.24,m,Depth,Depth
11798,2025-08-01T09:30:00.000Z,2025-08-01 09:30:00,8.38,---,pH,pH
11789,2025-08-01T09:30:00.000Z,2025-08-01 09:30:00,12.53,mg/l,TOC,Total Organic Carbon
11804,2025-08-01T09:30:00.000Z,2025-08-01 09:30:00,1.87,mg/l,BOD,Biochemical Oxygen Demand
11802,2025-08-01T09:30:00.000Z,2025-08-01 09:30:00,3.32,mg/l,BOD,Biochemical Oxygen Demand
11792,2022-10-04T07:30:00.000Z,2022-10-04 07:30:00,0.0,mg/l,NO3,Nitrate
11819,2025-08-01T09:30:00.000Z,2025-08-01 09:30:00,29.99,°C,WT,Water Temperature
11787,2025-08-01T09:30:00.000Z,2025-08-01 09:30:00,20.18,°C,WT,Water Temperature
11792,2022-10-04T07:30:00.000Z,2022-10-04 07:30:00,0.0,mS/cm,EC,Conductivity
11814,2025-08-01T09:30:00.000Z,2025-08-01 09:30:00,56.74,NTU,WTb,Water Turbidity
11818,2025-08-01T09:30:00.000Z,2025-08-01 09:30:00,29.14,NTU,WTb,Water Turbidity
11814,2025-08-01T09:30:00.000Z,2025-08-01 09:30:00,27.84,°C,WT,Water Temperature
11818,2025-08-01T09:30:00.000Z,2025-08-01 09:30:00,31.1,°C,WT,Water Temperature
11819,2025-08-01T09:30:00.000Z,2025-08-01 09:30:00,4.68,mg/l,TOC,Total Organic Carbon
11787,2025-08-01T09:30:00.000Z,2025-08-01 09:30:00,1.0,mg/l,TOC,Total Organic Carbon
11784,2025-08-01T09:30:00.000Z,2025-08-01 09:30:00,2.22,mg/l,BOD,Biochemical Oxygen Demand
11798,2025-08-01T09:30:00.000Z,2025-08-01 09:30:00,2.27,mg/l,NO3,Nitrate
11813,2025-08-01T09:30:00.000Z,2025-08-01 09:30:00,8.11,---,pH,pH
11810,2025-06-21T10:30:00.000Z,2025-06-21 10:30:00,58.4,m above MSL,S,Water Level
11807,2025-08-01T09:30:00.000Z,2025-08-01 09:30:00,7.93,---,pH,pH
11809,2025-08-01T09:30:00.000Z,2025-08-01 09:30:00,5.24,mg/l,CL,Chloride
11798,2025-08-01T09:30:00.000Z,2025-08-01 09:30:00,214.3,mS/cm,EC,Conductivity
11801,2025-08-01T09:30:00.000Z,2025-08-01 09:30:00,397.55,NTU,WTb,Water Turbidity
11792,2022-10-04T07:30:00.000Z,2022-10-04 07:30:00,0.0,mg/l,DO,Dissolved Oxygen
11801,2025-08-01T09:30:00.000Z,2025-08-01 09:30:00,29.08,°C,WT,Water Temperature
11792,2022-10-04T07:30:00.000Z,2022-10-04 07:30:00,-999.0,mg/l,COD,Chemical Oxygen Demand
11801,2025-08-01T09:30:00.000Z,2025-08-01 09:30:00,0.73,m,Depth,Depth
11813,2025-08-01T09:30:00.000Z,2025-08-01 09:30:00,0.3,mg/l,NO3,Nitrate
11807,2025-08-01T09:30:00.000Z,2025-08-01 09:30:00,0.3,mg/l,NO3,Nitrate
11814,2025-08-01T09:30:00.000Z,2025-08-01 09:30:00,3.98,mg/l,TOC,Total Organic Carbon
11806,2025-08-01T09:30:00.000Z,2025-08-01 09:30:00,22.45,mg/l,CL,Chloride
11818,2025-08-01T09:30:00.000Z,2025-08-01 09:30:00,10.18,mg/l,TOC,Total Organic Carbon
11789,2025-08-01T09:30:00.000Z,2025-08-01 09:30:00,7.81,---,pH,pH
11807,2025-08-01T09:30:00.000Z,2025-08-01 09:30:00,51.13,m above MSL,S,Water Level
11783,2025-08-01T09:30:00.000Z,2025-08-01 09:30:00,142.88,NTU,WTb,Water Turbidity
11798,2025-08-01T09:30:00.000Z,2025-08-01 09:30:00,7.12,mg/l,DO,Dissolved Oxygen
11813,2025-08-01T09:30:00.000Z,2025-08-01 09:30:00,270.81,mS/cm,EC,Conductivity
11807,2025-08-01T09:30:00.000Z,2025-08-01 09:30:00,248.06,mS/cm,EC,Conductivity
11783,2025-08-01T09:30:00.000Z,2025-08-01 09:30:00,29.35,°C,WT,Water Temperature
11821,2025-08-01T09:30:00.000Z,2025-08-01 09:30:00,0.54,m,Depth,Depth
11798,2025-08-01T09:30:00.000Z,2025-08-01 09:30:00,20.82,mg/l,COD,Chemical Oxygen Demand
11789,2025-08-01T09:30:00.000Z,2025-08-01 09:30:00,10.05,mg/l,NO3,Nitrate
11783,2025-08-01T09:30:00.000Z,2025-08-01 09:30:00,21.09,mg/l,CL,Chloride
11801,2025-08-01T09:30:00.000Z,2025-08-01 09:30:00,18.0,mg/l,TOC,Total Organic Carbon
11813,2025-08-01T09:30:00.000Z,2025-08-01 09:30:00,0.7,m,Depth,Depth
11792,2022-10-04T07:30:00.000Z,2022-10-04 07:30:00,0.0,mg/l,BOD,Biochemical Oxygen Demand
11787,2025-08-01T09:30:00.000Z,2025-08-01 09:30:00,8.1,---,pH,pH
11819,2025-08-01T09:30:00.000Z,2025-08-01 09:30:00,8.18,---,pH,pH
11784,2025-08-01T09:30:00.000Z,2025-08-01 09:30:00,308.56,m above MSL,S,Water Level
11796,2025-08-01T09:30:00.000Z,2025-08-01 09:30:00,93.45,m above MSL,S,Water Level
11813,2025-08-01T09:30:00.000Z,2025-08-01 09:30:00,6.27,mg/l,DO,Dissolved Oxygen
11807,2025-08-01T09:30:00.000Z,2025-08-01 09:30:00,6.1,mg/l,DO,Dissolved Oxygen
11789,2025-08-01T09:30:00.000Z,2025-08-01 09:30:00,369.89,mS/cm,EC,Conductivity
11814,2025-08-01T09:30:00.000Z,2025-08-01 09:30:00,8.01,---,pH,pH
11818,2025-08-01T09:30:00.000Z,2025-08-01 09:30:00,7.59,---,pH,pH
11787,2025-08-01T09:30:00.000Z,2025-08-01 09:30:00,0.3,mg/l,NO3,Nitrate
11819,2025-08-01T09:30:00.000Z,2025-08-01 09:30:00,0.3,mg/l,NO3,Nitrate
11789,2025-08-01T09:30:00.000Z,2025-08-01 09:30:00,46.07,mg/l,CL,Chloride
11783,2025-08-01T09:30:00.000Z,2025-08-01 09:30:00,5.07,mg/l,TOC,Total Organic Carbon
11798,2025-08-01T09:30:00.000Z,2025-08-01 09:30:00,4.83,mg/l,BOD,Biochemical Oxygen Demand
11813,2025-08-01T09:30:00.000Z,2025-08-01 09:30:00,12.03,mg/l,COD,Chemical Oxygen Demand
11807,2025-08-01T09:30:00.000Z,2025-08-01 09:30:00,11.07,mg/l,COD,Chemical Oxygen Demand
11783,2025-08-01T09:30:00.000Z,2025-08-01 09:30:00,7.72,---,pH,pH
11797,2025-08-01T09:30:00.000Z,2025-08-01 09:30:00,0.83,m,Depth,Depth
11789,2025-08-01T09:30:00.000Z,2025-08-01 09:30:00,6.2,mg/l,DO,Dissolved Oxygen
11791,2022-07-05T10:30:00.000Z,2022-07-05 10:30:00,139.0,NTU,WTb,Water Turbidity
11788,2025-08-01T09:30:00.000Z,2025-08-01 09:30:00,5.0,mg/l,CL,Chloride
11787,2025-08-01T09:30:00.000Z,2025-08-01 09:30:00,181.25,mS/cm,EC,Conductivity
11819,2025-08-01T09:30:00.000Z,2025-08-01 09:30:00,310.0,mS/cm,EC,Conductivity
11801,2025-08-01T09:30:00.000Z,2025-08-01 09:30:00,8.32,---,pH,pH
11791,2022-07-05T10:30:00.000Z,2022-07-05 10:30:00,37.56,°C,WT,Water Temperature
11799,2025-08-01T09:30:00.000Z,2025-08-01 09:30:00,93.5,m above MSL,S,Water Level
11813,2025-08-01T09:30:00.000Z,2025-08-01 09:30:00,2.67,mg/l,BOD,Biochemical Oxygen Demand
11816,2025-08-01T09:30:00.000Z,2025-08-01 09:30:00,0.79,m,Depth,Depth
11790,2025-08-01T09:30:00.000Z,2025-08-01 09:30:00,206.37,m above MSL,S,Water Level
11807,2025-08-01T09:30:00.000Z,2025-08-01 09:30:00,2.46,mg/l,BOD,Biochemical Oxygen Demand
11814,2025-08-01T09:30:00.000Z,2025-08-01 09:30:00,0.3,mg/l,NO3,Nitrate
11819,2025-08-01T09:30:00.000Z,2025-08-01 09:30:00,0.76,m,Depth,Depth
11818,2025-08-01T09:30:00.000Z,2025-08-01 09:30:00,8.89,mg/l,NO3,Nitrate
11789,2025-08-01T09:30:00.000Z,2025-08-01 09:30:00,21.31,mg/l,COD,Chemical Oxygen Demand
11814,2025-08-01T09:30:00.000Z,2025-08-01 09:30:00,223.46,mS/cm,EC,Conductivity
11818,2025-08-01T09:30:00.000Z,2025-08-01 09:30:00,306.4,mS/cm,EC,Conductivity
11798,2025-08-01T09:30:00.000Z,2025-08-01 09:30:00,40.68,mg/l,CL,Chloride
11787,2025-08-01T09:30:00.000Z,2025-08-01 09:30:00,7.73,mg/l,DO,Dissolved Oxygen
11819,2025-08-01T09:30:00.000Z,2025-08-01 09:30:00,5.74,mg/l,DO,Dissolved Oxygen
11817,2025-08-01T09:30:00.000Z,2025-08-01 09:30:00,369.23,NTU,WTb,Water Turbidity
11797,2025-08-01T09:30:00.000Z,2025-08-01 09:30:00,428.14,NTU,WTb,Water Turbidity
11817,2025-08-01T09:30:00.000Z,2025-08-01 09:30:00,29.7,°C,WT,Water Temperature
11797,2025-08-01T09:30:00.000Z,2025-08-01 09:30:00,30.1,°C,WT,Water Temperature
11789,2025-08-01T09:30:00.000Z,2025-08-01 09:30:00,5.01,mg/l,BOD,Biochemical Oxygen Demand
11801,2025-08-01T09:30:00.000Z,2025-08-01 09:30:00,2.86,mg/l,NO3,Nitrate
11791,2022-07-05T10:30:00.000Z,2022-07-05 10:30:00,108.74,mg/l,TOC,Total Organic Carbon
11816,2025-08-01T09:30:00.000Z,2025-08-01 09:30:00,30.74,mg/l,CL,Chloride
11787,2025-08-01T09:30:00.000Z,2025-08-01 09:30:00,5.0,mg/l,COD,Chemical Oxygen Demand
11803,2025-08-01T09:30:00.000Z,2025-08-01 09:30:00,39.39,mg/l,CL,Chloride
11793,2025-08-01T09:30:00.000Z,2025-08-01 09:30:00,164.36,m above MSL,S,Water Level
11819,2025-08-01T09:30:00.000Z,2025-08-01 09:30:00,10.55,mg/l,COD,Chemical Oxygen Demand
11801,2025-08-01T09:30:00.000Z,2025-08-01 09:30:00,495.63,mS/cm,EC,Conductivity
11812,2025-08-01T09:30:00.000Z,2025-08-01 09:30:00,85.23,NTU,WTb,Water Turbidity
11783,2025-08-01T09:30:00.000Z,2025-08-01 09:30:00,1.73,m,Depth,Depth
11806,2025-08-01T09:30:00.000Z,2025-08-01 09:30:00,152.84,NTU,WTb,Water Turbidity
11811,2025-08-01T09:30:00.000Z,2025-08-01 09:30:00,0.86,m,Depth,Depth
11814,2025-08-01T09:30:00.000Z,2025-08-01 09:30:00,134.67,m above MSL,S,Water Level
11814,2025-08-01T09:30:00.000Z,2025-08-01 09:30:00,5.93,mg/l,DO,Dissolved Oxygen
11818,2025-08-01T09:30:00.000Z,2025-08-01 09:30:00,7.79,mg/l,DO,Dissolved Oxygen
11795,2025-08-01T09:30:00.000Z,2025-08-01 09:30:00,28.29,mg/l,CL,Chloride
