stationId,timestamp,timestampDate,value,unit,parameterNo,parameterName
11799,2025-12-03T12:30:00.000Z,2025-12-03 12:30:00,8.12,---,pH,pH
11788,2025-12-03T12:30:00.000Z,2025-12-03 12:30:00,16.32,°C,WT,Water Temperature
11811,2025-12-03T12:30:00.000Z,2025-12-03 12:30:00,3.51,mg/l,BOD,Biochemical Oxygen Demand
11805,2025-12-03T12:30:00.000Z,2025-12-03 12:30:00,2.83,mg/l,BOD,Biochemical Oxygen Demand
11799,2025-12-03T12:30:00.000Z,2025-12-03 12:30:00,0.85,m,Depth,Depth
11803,2025-12-03T12:30:00.000Z,2025-12-03 12:30:00,9.66,mg/l,BOD,Biochemical Oxygen Demand
11810,2025-11-02T02:30:00.000Z,2025-11-02 02:30:00,17.43,mg/l,CL,Chloride
11793,2025-12-03T12:30:00.000Z,2025-12-03 12:30:00,1.18,mg/l,NO3,Nitrate
11822,2025-12-03T12:30:00.000Z,2025-12-03 12:30:00,21.36,°C,WT,Water Temperature
11793,2025-12-03T12:30:00.000Z,2025-12-03 12:30:00,1244.75,mS/cm,EC,Conductivity
11811,2025-12-03T12:30:00.000Z,2025-12-03 12:30:00,55.19,m above MSL,S,Water Level
11815,2025-12-03T12:30:00.000Z,2025-12-03 12:30:00,260.04,NTU,WTb,Water Turbidity
11795,2025-12-03T12:30:00.000Z,2025-12-03 12:30:00,37.0,NTU,WTb,Water Turbidity
11815,2025-12-03T12:30:00.000Z,2025-12-03 12:30:00,21.63,°C,WT,Water Temperature
11795,2025-12-03T12:30:00.000Z,2025-12-03 12:30:00,21.14,°C,WT,Water Temperature
11807,2025-12-03T12:30:00.000Z,2025-12-03 12:30:00,35.4,mg/l,CL,Chloride
11822,2025-12-03T12:30:00.000Z,2025-12-03 12:30:00,5.53,mg/l,TOC,Total Organic Carbon
11799,2025-12-03T12:30:00.000Z,2025-12-03 12:30:00,1.76,mg/l,NO3,Nitrate
11788,2025-12-03T12:30:00.000Z,2025-12-03 12:30:00,1.0,mg/l,TOC,Total Organic Carbon
11820,2025-12-03T12:30:00.000Z,2025-12-03 12:30:00,8.27,---,pH,pH
11808,2025-12-03T12:30:00.000Z,2025-12-03 12:30:00,8.16,---,pH,pH
11799,2025-12-03T12:30:00.000Z,2025-12-03 12:30:00,724.8,mS/cm,EC,Conductivity
11810,2025-11-02T02:30:00.000Z,2025-11-02 02:30:00,98.65,NTU,WTb,Water Turbidity
11786,2025-12-03T12:30:00.000Z,2025-12-03 12:30:00,1.39,m,Depth,Depth
11804,2025-12-03T12:30:00.000Z,2025-12-03 12:30:00,539.48,NTU,WTb,Water Turbidity
11802,2025-12-03T12:30:00.000Z,2025-12-03 12:30:00,44.18,NTU,WTb,Water Turbidity
11808,2025-12-03T12:30:00.000Z,2025-12-03 12:30:00,38.53,m above MSL,S,Water Level
11793,2025-12-03T12:30:00.000Z,2025-12-03 12:30:00,2.45,mg/l,DO,Dissolved Oxygen
11802,2025-12-03T12:30:00.000Z,2025-12-03 12:30:00,22.84,°C,WT,Water Temperature
11785,2025-12-03T12:30:00.000Z,2025-12-03 12:30:00,5.21,mg/l,CL,Chloride
11793,2025-12-03T12:30:00.000Z,2025-12-03 12:30:00,19.05,mg/l,COD,Chemical Oxygen Demand
11820,2025-12-03T12:30:00.000Z,2025-12-03 12:30:00,0.3,mg/l,NO3,Nitrate
11821,2025-12-03T12:30:00.000Z,2025-12-03 12:30:00,640.88,m above MSL,S,Water Level
11808,2025-12-03T12:30:00.000Z,2025-12-03 12:30:00,0.3,mg/l,NO3,Nitrate
11815,2025-12-03T12:30:00.000Z,2025-12-03 12:30:00,7.62,mg/l,TOC,Total Organic Carbon
11795,2025-12-03T12:30:00.000Z,2025-12-03 12:30:00,6.63,mg/l,TOC,Total Organic Carbon
11810,2025-11-02T02:30:00.000Z,2025-11-02 02:30:00,28.13,°C,WT,Water Temperature
11804,2025-12-03T12:30:00.000Z,2025-12-03 12:30:00,20.39,°C,WT,Water Temperature
11799,2025-12-03T12:30:00.000Z,2025-12-03 12:30:00,6.81,mg/l,DO,Dissolved Oxygen
11806,2025-12-03T12:30:00.000Z,2025-12-03 12:30:00,1.29,m,Depth,Depth
11820,2025-12-03T12:30:00.000Z,2025-12-03 12:30:00,292.5,mS/cm,EC,Conductivity
11784,2025-12-03T12:30:00.000Z,2025-12-03 12:30:00,9.33,NTU,WTb,Water Turbidity
11808,2025-12-03T12:30:00.000Z,2025-12-03 12:30:00,412.0,mS/cm,EC,Conductivity
11799,2025-12-03T12:30:00.000Z,2025-12-03 12:30:00,12.69,mg/l,COD,Chemical Oxygen Demand
11812,2025-12-03T12:30:00.000Z,2025-12-03 12:30:00,0.74,m,Depth,Depth
11788,2025-12-03T12:30:00.000Z,2025-12-03 12:30:00,8.32,---,pH,pH
11810,2025-11-02T02:30:00.000Z,2025-11-02 02:30:00,3.47,mg/l,TOC,Total Organic Carbon
11784,2025-12-03T12:30:00.000Z,2025-12-03 12:30:00,22.69,°C,WT,Water Temperature
11804,2025-12-03T12:30:00.000Z,2025-12-03 12:30:00,7.66,mg/l,TOC,Total Organic Carbon
11802,2025-12-03T12:30:00.000Z,2025-12-03 12:30:00,8.48,mg/l,TOC,Total Organic Carbon
11793,2025-12-03T12:30:00.000Z,2025-12-03 12:30:00,4.48,mg/l,BOD,Biochemical Oxygen Demand
11822,2025-12-03T12:30:00.000Z,2025-12-03 12:30:00,8.37,---,pH,pH
11818,2025-12-03T12:30:00.000Z,2025-12-03 12:30:00,194.58,m above MSL,S,Water Level
11813,2025-12-03T12:30:00.000Z,2025-12-03 12:30:00,40.24,mg/l,CL,Chloride
11820,2025-12-03T12:30:00.000Z,2025-12-03 12:30:00,5.48,mg/l,DO,Dissolved Oxygen
11808,2025-12-03T12:30:00.000Z,2025-12-03 12:30:00,7.01,mg/l,DO,Dissolved Oxygen
11815,2025-12-03T12:30:00.000Z,2025-12-03 12:30:00,8.31,---,pH,pH
11795,2025-12-03T12:30:00.000Z,2025-12-03 12:30:00,10.01,---,pH,pH
11822,2025-12-03T12:30:00.000Z,2025-12-03 12:30:00,0.3,mg/l,NO3,Nitrate
11817,2025-12-03T12:30:00.000Z,2025-12-03 12:30:00,16.66,m above MSL,S,Water Level
11799,2025-12-03T12:30:00.000Z,2025-12-03 12:30:00,1.93,mg/l,BOD,Biochemical Oxygen Demand
11784,2025-12-03T12:30:00.000Z,2025-12-03 12:30:00,2.77,mg/l,TOC,Total Organic Carbon
11788,2025-12-03T12:30:00.000Z,2025-12-03 12:30:00,0.3,mg/l,NO3,Nitrate
11800,2025-12-03T12:30:00.000Z,2025-12-03 12:30:00,100.6,m above MSL,S,Water Level
11820,2025-12-03T12:30:00.000Z,2025-12-03 12:30:00,9.52,mg/l,COD,Chemical Oxygen Demand
11808,2025-12-03T12:30:00.000Z,2025-12-03 12:30:00,12.1,mg/l,COD,Chemical Oxygen Demand
11788,2025-12-03T12:30:00.000Z,2025-12-03 12:30:00,226.55,mS/cm,EC,Conductivity
11803,2025-12-03T12:30:00.000Z,2025-12-03 12:30:00,0.94,m,Depth,Depth
11792,2022-10-04T07:30:00.000Z,2022-10-04 07:30:00,0.0,NTU,WTb,Water Turbidity
11814,2025-12-03T12:30:00.000Z,2025-12-03 12:30:00,37.62,mg/l,CL,Chloride
11799,2025-12-03T12:30:00.000Z,2025-12-03 12:30:00,66.58,mg/l,CL,Chloride
11822,2025-12-03T12:30:00.000Z,2025-12-03 12:30:00,454.6,mS/cm,EC,Conductivity
11802,2025-12-03T12:30:00.000Z,2025-12-03 12:30:00,8.23,---,pH,pH
11792,2022-10-04T07:30:00.000Z,2022-10-04 07:30:00,0.0,°C,WT,Water Temperature
11820,2025-12-03T12:30:00.000Z,2025-12-03 12:30:00,2.23,mg/l,BOD,Biochemical Oxygen Demand
11796,2025-12-03T12:30:00.000Z,2025-12-03 12:30:00,55.26,mg/l,CL,Chloride
11808,2025-12-03T12:30:00.000Z,2025-12-03 12:30:00,2.6,mg/l,BOD,Biochemical Oxygen Demand
11815,2025-12-03T12:30:00.000Z,2025-12-03 12:30:00,0.3,mg/l,NO3,Nitrate
11795,2025-12-03T12:30:00.000Z,2025-12-03 12:30:00,3.89,mg/l,NO3,Nitrate
11810,2025-11-02T02:30:00.000Z,2025-11-02 02:30:00,7.87,---,pH,pH
11804,2025-12-03T12:30:00.000Z,2025-12-03 12:30:00,8.4,---,pH,pH
11815,2025-12-03T12:30:00.000Z,2025-12-03 12:30:00,24.31,m above MSL,S,Water Level
11815,2025-12-03T12:30:00.000Z,2025-12-03 12:30:00,350.08,mS/cm,EC,Conductivity
11795,2025-12-03T12:30:00.000Z,2025-12-03 12:30:00,764.2,mS/cm,EC,Conductivity
11822,2025-12-03T12:30:00.000Z,2025-12-03 12:30:00,8.98,mg/l,DO,Dissolved Oxygen
11817,2025-12-03T12:30:00.000Z,2025-12-03 12:30:00,28.32,mg/l,CL,Chloride
11798,2025-12-03T12:30:00.000Z,2025-12-03 12:30:00,21.24,NTU,WTb,Water Turbidity
11788,2025-12-03T12:30:00.000Z,2025-12-03 12:30:00,9.9,mg/l,DO,Dissolved Oxygen
11818,2025-12-03T12:30:00.000Z,2025-12-03 12:30:00,0.93,m,Depth,Depth
11822,2025-12-03T12:30:00.000Z,2025-12-03 12:30:00,1.08,m,Depth,Depth
11784,2025-12-03T12:30:00.000Z,2025-12-03 12:30:00,8.29,---,pH,pH
11788,2025-12-03T12:30:00.000Z,2025-12-03 12:30:00,5.0,mg/l,COD,Chemical Oxygen Demand
11798,2025-12-03T12:30:00.000Z,2025-12-03 12:30:00,22.44,°C,WT,Water Temperature
11810,2025-11-02T02:30:00.000Z,2025-11-02 02:30:00,0.3,mg/l,NO3,Nitrate
11804,2025-12-03T12:30:00.000Z,2025-12-03 12:30:00,0.3,mg/l,NO3,Nitrate
11802,2025-12-03T12:30:00.000Z,2025-12-03 12:30:00,2.11,mg/l,NO3,Nitrate
11792,2022-10-04T07:30:00.000Z,2022-10-04 07:30:00,0.0,mg/l,TOC,Total Organic Carbon
11822,2025-12-03T12:30:00.000Z,2025-12-03 12:30:00,12.44,mg/l,COD,Chemical Oxygen Demand
11797,2025-12-03T12:30:00.000Z,2025-12-03 12:30:00,69.21,m above MSL,S,Water Level
11802,2025-12-03T12:30:00.000Z,2025-12-03 12:30:00,578.8,mS/cm,EC,Conductivity
11814,2025-12-03T12:30:00.000Z,2025-12-03 12:30:00,3.94,m,Depth,Depth
11813,2025-12-03T12:30:00.000Z,2025-12-03 12:30:00,25.33,NTU,WTb,Water Turbidity
11807,2025-12-03T12:30:00.000Z,2025-12-03 12:30:00,82.1,NTU,WTb,Water Turbidity
11815,2025-12-03T12:30:00.000Z,2025-12-03 12:30:00,8.29,mg/l,DO,Dissolved Oxygen
11795,2025-12-03T12:30:00.000Z,2025-12-03 12:30:00,11.7,mg/l,DO,Dissolved Oxygen
11810,2025-11-02T02:30:00.000Z,2025-11-02 02:30:00,247.8,mS/cm,EC,Conductivity
11804,2025-12-03T12:30:00.000Z,2025-12-03 12:30:00,307.88,mS/cm,EC,Conductivity
11805,2025-12-03T12:30:00.000Z,2025-12-03 12:30:00,55.52,m above MSL,S,Water Level
11815,2025-12-03T12:30:00.000Z,2025-12-03 12:30:00,12.96,mg/l,COD,Chemical Oxygen Demand
11795,2025-12-03T12:30:00.000Z,2025-12-03 12:30:00,14.91,mg/l,COD,Chemical Oxygen Demand
11822,2025-12-03T12:30:00.000Z,2025-12-03 12:30:00,2.76,mg/l,BOD,Biochemical Oxygen Demand
11784,2025-12-03T12:30:00.000Z,2025-12-03 12:30:00,0.3,mg/l,NO3,Nitrate
11805,2025-12-03T12:30:00.000Z,2025-12-03 12:30:00,1.04,m,Depth,Depth
11788,2025-12-03T12:30:00.000Z,2025-12-03 12:30:00,0.5,mg/l,BOD,Biochemical Oxygen Demand
11798,2025-12-03T12:30:00.000Z,2025-12-03 12:30:00,10.21,mg/l,TOC,Total Organic Carbon
11813,2025-12-03T12:30:00.000Z,2025-12-03 12:30:00,22.64,°C,WT,Water Temperature
11807,2025-12-03T12:30:00.000Z,2025-12-03 12:30:00,20.98,°C,WT,Water Temperature
11784,2025-12-03T12:30:00.000Z,2025-12-03 12:30:00,368.72,mS/cm,EC,Conductivity
11789,2025-12-03T12:30:00.000Z,2025-12-03 12:30:00,69.48,NTU,WTb,Water Turbidity
11804,2025-12-03T12:30:00.000Z,2025-12-03 12:30:00,12.69,mg/l,CL,Chloride
11804,2025-12-03T12:30:00.000Z,2025-12-03 12:30:00,7.93,mg/l,DO,Dissolved Oxygen
11802,2025-12-03T12:30:00.000Z,2025-12-03 12:30:00,7.24,mg/l,DO,Dissolved Oxygen
11816,2025-12-03T12:30:00.000Z,2025-12-03 12:30:00,22.57,°C,WT,Water Temperature
11822,2025-12-03T12:30:00.000Z,2025-12-03 12:30:00,37.88,m above MSL,S,Water Level
11785,2025-12-03T12:30:00.000Z,2025-12-03 12:30:00,0.34,m,Depth,Depth
11796,2025-12-03T12:30:00.000Z,2025-12-03 12:30:00,20.78,°C,WT,Water Temperature
11785,2025-12-03T12:30:00.000Z,2025-12-03 12:30:00,1.0,mg/l,TOC,Total Organic Carbon
11800,2025-12-03T12:30:00.000Z,2025-12-03 12:30:00,1.24,mg/l,NO3,Nitrate
11790,2025-12-03T12:30:00.000Z,2025-12-03 12:30:00,14.16,mg/l,TOC,Total Organic Carbon
11786,2025-12-03T12:30:00.000Z,2025-12-03 12:30:00,5.0,mg/l,CL,Chloride
11821,2025-12-03T12:30:00.000Z,2025-12-03 12:30:00,7.97,---,pH,pH
11809,2025-12-03T12:30:00.000Z,2025-12-03 12:30:00,7.77,---,pH,pH
11790,2025-12-03T12:30:00.000Z,2025-12-03 12:30:00,200.0,mg/l,CL,Chloride
11800,2025-12-03T12:30:00.000Z,2025-12-03 12:30:00,793.59,mS/cm,EC,Conductivity
11802,2025-12-03T12:30:00.000Z,2025-12-03 12:30:00,0.73,m,Depth,Depth
11811,2025-12-03T12:30:00.000Z,2025-12-03 12:30:00,155.55,NTU,WTb,Water Turbidity
11805,2025-12-03T12:30:00.000Z,2025-12-03 12:30:00,169.92,NTU,WTb,Water Turbidity
11821,2025-12-03T12:30:00.000Z,2025-12-03 12:30:00,5.0,mg/l,CL,Chloride
11791,2022-07-05T10:30:00.000Z,2022-07-05 10:30:00,-0.05,m,Depth,Depth
11794,2025-12-03T11:30:00.000Z,2025-12-03 11:30:00,0.87,mg/l,DO,Dissolved Oxygen
11794,2025-12-03T11:30:00.000Z,2025-12-03 11:30:00,15.68,mg/l,COD,Chemical Oxygen Demand
11821,2025-12-03T12:30:00.000Z,2025-12-03 12:30:00,0.3,mg/l,NO3,Nitrate
11809,2025-12-03T12:30:00.000Z,2025-12-03 12:30:00,0.3,mg/l,NO3,Nitrate
11816,2025-12-03T12:30:00.000Z,2025-12-03 12:30:00,5.05,mg/l,TOC,Total Organic Carbon
11796,2025-12-03T12:30:00.000Z,2025-12-03 12:30:00,10.61,mg/l,TOC,Total Organic Carbon
11811,2025-12-03T12:30:00.000Z,2025-12-03 12:30:00,20.24,°C,WT,Water Temperature
11818,2025-12-03T12:30:00.000Z,2025-12-03 12:30:00,50.45,mg/l,CL,Chloride
11805,2025-12-03T12:30:00.000Z,2025-12-03 12:30:00,21.54,°C,WT,Water Temperature
11819,2025-12-03T12:30:00.000Z,2025-12-03 12:30:00,61.39,m above MSL,S,Water Level
11800,2025-12-03T12:30:00.000Z,2025-12-03 12:30:00,10.87,mg/l,DO,Dissolved Oxygen
11821,2025-12-03T12:30:00.000Z,2025-12-03 12:30:00,230.0,mS/cm,EC,Conductivity
11809,2025-12-03T12:30:00.000Z,2025-12-03 12:30:00,206.29,mS/cm,EC,Conductivity
11800,2025-12-03T12:30:00.000Z,2025-12-03 12:30:00,6.61,mg/l,COD,Chemical Oxygen Demand
11790,2025-12-03T12:30:00.000Z,2025-12-03 12:30:00,7.34,---,pH,pH
11811,2025-12-03T12:30:00.000Z,2025-12-03 12:30:00,8.78,mg/l,TOC,Total Organic Carbon
11805,2025-12-03T12:30:00.000Z,2025-12-03 12:30:00,5.66,mg/l,TOC,Total Organic Carbon
11783,2025-12-03T12:30:00.000Z,2025-12-03 12:30:00,0.3,mg/l,NO3,Nitrate
11790,2025-12-03T12:30:00.000Z,2025-12-03 12:30:00,0.26,m,Depth,Depth
11793,2025-12-03T12:30:00.000Z,2025-12-03 12:30:00,135.73,mg/l,CL,Chloride
11794,2025-12-03T11:30:00.000Z,2025-12-03 11:30:00,3.68,mg/l,BOD,Biochemical Oxygen Demand
11785,2025-12-03T12:30:00.000Z,2025-12-03 12:30:00,7.76,---,pH,pH
11783,2025-12-03T12:30:00.000Z,2025-12-03 12:30:00,376.25,mS/cm,EC,Conductivity
11788,2025-12-03T12:30:00.000Z,2025-12-03 12:30:00,285.27,m above MSL,S,Water Level
11821,2025-12-03T12:30:00.000Z,2025-12-03 12:30:00,9.61,mg/l,DO,Dissolved Oxygen
11809,2025-12-03T12:30:00.000Z,2025-12-03 12:30:00,8.06,mg/l,DO,Dissolved Oxygen
11816,2025-12-03T12:30:00.000Z,2025-12-03 12:30:00,8.5,---,pH,pH
11796,2025-12-03T12:30:00.000Z,2025-12-03 12:30:00,10.31,---,pH,pH
11785,2025-12-03T12:30:00.000Z,2025-12-03 12:30:00,0.3,mg/l,NO3,Nitrate
11800,2025-12-03T12:30:00.000Z,2025-12-03 12:30:00,1.16,mg/l,BOD,Biochemical Oxygen Demand
11790,2025-12-03T12:30:00.000Z,2025-12-03 12:30:00,2.3,mg/l,NO3,Nitrate
11802,2025-12-03T12:30:00.000Z,2025-12-03 12:30:00,101.12,m above MSL,S,Water Level
11821,2025-12-03T12:30:00.000Z,2025-12-03 12:30:00,5.0,mg/l,COD,Chemical Oxygen Demand
11809,2025-12-03T12:30:00.000Z,2025-12-03 12:30:00,12.79,mg/l,COD,Chemical Oxygen Demand
11798,2025-12-03T12:30:00.000Z,2025-12-03 12:30:00,0.91,m,Depth,Depth
11790,2025-12-03T12:30:00.000Z,2025-12-03 12:30:00,451.79,mS/cm,EC,Conductivity
11783,2025-12-03T12:30:00.000Z,2025-12-03 12:30:00,8.86,mg/l,DO,Dissolved Oxygen
11793,2025-12-03T12:30:00.000Z,2025-12-03 12:30:00,64.62,NTU,WTb,Water Turbidity
11784,2025-12-03T12:30:00.000Z,2025-12-03 12:30:00,37.89,mg/l,CL,Chloride
11785,2025-12-03T12:30:00.000Z,2025-12-03 12:30:00,177.5,mS/cm,EC,Conductivity
11791,2022-07-05T10:30:00.000Z,2022-07-05 10:30:00,222.95,m above MSL,S,Water Level
11783,2025-12-03T12:30:00.000Z,2025-12-03 12:30:00,11.4,mg/l,COD,Chemical Oxygen Demand
11793,2025-12-03T12:30:00.000Z,2025-12-03 12:30:00,19.13,°C,WT,Water Temperature
11821,2025-12-03T12:30:00.000Z,2025-12-03 12:30:00,0.5,mg/l,BOD,Biochemical Oxygen Demand
11809,2025-12-03T12:30:00.000Z,2025-12-03 12:30:00,35.93,m above MSL,S,Water Level
11809,2025-12-03T12:30:00.000Z,2025-12-03 12:30:00,2.77,mg/l,BOD,Biochemical Oxygen Demand
11816,2025-12-03T12:30:00.000Z,2025-12-03 12:30:00,0.3,mg/l,NO3,Nitrate
11796,2025-12-03T12:30:00.000Z,2025-12-03 12:30:00,6.01,mg/l,NO3,Nitrate
11811,2025-12-03T12:30:00.000Z,2025-12-03 12:30:00,7.72,---,pH,pH
11805,2025-12-03T12:30:00.000Z,2025-12-03 12:30:00,8.27,---,pH,pH
11816,2025-12-03T12:30:00.000Z,2025-12-03 12:30:00,307.04,mS/cm,EC,Conductivity
11796,2025-12-03T12:30:00.000Z,2025-12-03 12:30:00,459.87,mS/cm,EC,Conductivity
11785,2025-12-03T12:30:00.000Z,2025-12-03 12:30:00,10.22,mg/l,DO,Dissolved Oxygen
11799,2025-12-03T12:30:00.000Z,2025-12-03 12:30:00,18.22,NTU,WTb,Water Turbidity
11790,2025-12-03T12:30:00.000Z,2025-12-03 12:30:00,6.78,mg/l,DO,Dissolved Oxygen
11808,2025-12-03T12:30:00.000Z,2025-12-03 12:30:00,59.02,mg/l,CL,Chloride
11799,2025-12-03T12:30:00.000Z,2025-12-03 12:30:00,22.34,°C,WT,Water Temperature
11790,2025-12-03T12:30:00.000Z,2025-12-03 12:30:00,27.24,mg/l,COD,Chemical Oxygen Demand
11811,2025-12-03T12:30:00.000Z,2025-12-03 12:30:00,0.3,mg/l,NO3,Nitrate
11805,2025-12-03T12:30:00.000Z,2025-12-03 12:30:00,0.3,mg/l,NO3,Nitrate
11796,2025-12-03T12:30:00.000Z,2025-12-03 12:30:00,1.0,m,Depth,Depth
11783,2025-12-03T12:30:00.000Z,2025-12-03 12:30:00,2.53,mg/l,BOD,Biochemical Oxygen Demand
11806,2025-12-03T12:30:00.000Z,2025-12-03 12:30:00,47.62,m above MSL,S,Water Level
11808,2025-12-03T12:30:00.000Z,2025-12-03 12:30:00,0.92,m,Depth,Depth
11793,2025-12-03T12:30:00.000Z,2025-12-03 12:30:00,11.2,mg/l,TOC,Total Organic Carbon
11785,2025-12-03T12:30:00.000Z,2025-12-03 12:30:00,5.0,mg/l,COD,Chemical Oxygen Demand
11817,2025-12-03T12:30:00.000Z,2025-12-03 12:30:00,3.96,m,Depth,Depth
11805,2025-12-03T12:30:00.000Z,2025-12-03 12:30:00,29.61,mg/l,CL,Chloride
11820,2025-12-03T12:30:00.000Z,2025-12-03 12:30:00,13.36,NTU,WTb,Water Turbidity
11808,2025-12-03T12:30:00.000Z,2025-12-03 12:30:00,24.11,NTU,WTb,Water Turbidity
11816,2025-12-03T12:30:00.000Z,2025-12-03 12:30:00,8.1,mg/l,DO,Dissolved Oxygen
11796,2025-12-03T12:30:00.000Z,2025-12-03 12:30:00,20.0,mg/l,DO,Dissolved Oxygen
11811,2025-12-03T12:30:00.000Z,2025-12-03 12:30:00,276.18,mS/cm,EC,Conductivity
11805,2025-12-03T12:30:00.000Z,2025-12-03 12:30:00,510.59,mS/cm,EC,Conductivity
11811,2025-12-03T12:30:00.000Z,2025-12-03 12:30:00,5.0,mg/l,CL,Chloride
11816,2025-12-03T12:30:00.000Z,2025-12-03 12:30:00,11.38,mg/l,COD,Chemical Oxygen Demand
11796,2025-12-03T12:30:00.000Z,2025-12-03 12:30:00,21.22,mg/l,COD,Chemical Oxygen Demand
11785,2025-12-03T12:30:00.000Z,2025-12-03 12:30:00,0.5,mg/l,BOD,Biochemical Oxygen Demand
11799,2025-12-03T12:30:00.000Z,2025-12-03 12:30:00,5.51,mg/l,TOC,Total Organic Carbon
11790,2025-12-03T12:30:00.000Z,2025-12-03 12:30:00,7.34,mg/l,BOD,Biochemical Oxygen Demand
11820,2025-12-03T12:30:00.000Z,2025-12-03 12:30:00,22.52,°C,WT,Water Temperature
11785,2025-12-03T12:30:00.000Z,2025-12-03 12:30:00,601.38,m above MSL,S,Water Level
11808,2025-12-03T12:30:00.000Z,2025-12-03 12:30:00,23.09,°C,WT,Water Temperature
11789,2025-12-03T12:30:00.000Z,2025-12-03 12:30:00,0.87,m,Depth,Depth
11811,2025-12-03T12:30:00.000Z,2025-12-03 12:30:00,8.8,mg/l,DO,Dissolved Oxygen
11805,2025-12-03T12:30:00.000Z,2025-12-03 12:30:00,9.39,mg/l,DO,Dissolved Oxygen
11803,2025-12-03T12:30:00.000Z,2025-12-03 12:30:00,7.11,mg/l,DO,Dissolved Oxygen
11793,2025-12-03T12:30:00.000Z,2025-12-03 12:30:00,1.39,m,Depth,Depth
11812,2025-12-03T12:30:00.000Z,2025-12-03 12:30:00,133.78,m above MSL,S,Water Level
11803,2025-12-03T12:30:00.000Z,2025-12-03 12:30:00,36.13,mg/l,COD,Chemical Oxygen Demand
11793,2025-12-03T12:30:00.000Z,2025-12-03 12:30:00,7.58,---,pH,pH
11820,2025-12-03T12:30:00.000Z,2025-12-03 12:30:00,4.47,mg/l,TOC,Total Organic Carbon
11808,2025-12-03T12:30:00.000Z,2025-12-03 12:30:00,5.49,mg/l,TOC,Total Organic Carbon
11816,2025-12-03T12:30:00.000Z,2025-12-03 12:30:00,2.52,mg/l,BOD,Biochemical Oxygen Demand
11796,2025-12-03T12:30:00.000Z,2025-12-03 12:30:00,5.3,mg/l,BOD,Biochemical Oxygen Demand
11811,2025-12-03T12:30:00.000Z,2025-12-03 12:30:00,14.93,mg/l,COD,Chemical Oxygen Demand
11805,2025-12-03T12:30:00.000Z,2025-12-03 12:30:00,12.73,mg/l,COD,Chemical Oxygen Demand
11822,2025-12-03T12:30:00.000Z,2025-12-03 12:30:00,278.13,NTU,WTb,Water Turbidity
11788,2025-12-03T12:30:00.000Z,2025-12-03 12:30:00,9.51,NTU,WTb,Water Turbidity
11814,2025-12-03T12:30:00.000Z,2025-12-03 12:30:00,5.81,mg/l,COD,Chemical Oxygen Demand
11818,2025-12-03T12:30:00.000Z,2025-12-03 12:30:00,6.43,mg/l,COD,Chemical Oxygen Demand
11787,2025-12-03T12:30:00.000Z,2025-12-03 12:30:00,0.5,mg/l,BOD,Biochemical Oxygen Demand
11819,2025-12-03T12:30:00.000Z,2025-12-03 12:30:00,2.34,mg/l,BOD,Biochemical Oxygen Demand
11817,2025-12-03T12:30:00.000Z,2025-12-03 12:30:00,4.47,mg/l,TOC,Total Organic Carbon
11816,2025-12-03T12:30:00.000Z,2025-12-03 12:30:00,9.57,m above MSL,S,Water Level
11797,2025-12-03T12:30:00.000Z,2025-12-03 12:30:00,11.03,mg/l,TOC,Total Organic Carbon
11795,2025-12-03T12:30:00.000Z,2025-12-03 12:30:00,0.83,m,Depth,Depth
11812,2025-12-03T12:30:00.000Z,2025-12-03 12:30:00,21.17,°C,WT,Water Temperature
11806,2025-12-03T12:30:00.000Z,2025-12-03 12:30:00,21.49,°C,WT,Water Temperature
11804,2025-12-03T12:30:00.000Z,2025-12-03 12:30:00,1.54,m,Depth,Depth
11801,2025-12-03T12:30:00.000Z,2025-12-03 12:30:00,6.04,mg/l,DO,Dissolved Oxygen
11801,2025-12-03T12:30:00.000Z,2025-12-03 12:30:00,8.95,mg/l,COD,Chemical Oxygen Demand
11791,2022-07-05T10:30:00.000Z,2022-07-05 10:30:00,7.14,---,pH,pH
11815,2025-12-03T12:30:00.000Z,2025-12-03 12:30:00,40.28,mg/l,CL,Chloride
11803,2025-12-03T12:30:00.000Z,2025-12-03 12:30:00,169.32,m above MSL,S,Water Level
11812,2025-12-03T12:30:00.000Z,2025-12-03 12:30:00,4.66,mg/l,TOC,Total Organic Carbon
11807,2025-12-03T12:30:00.000Z,2025-12-03 12:30:00,0.85,m,Depth,Depth
11806,2025-12-03T12:30:00.000Z,2025-12-03 12:30:00,31.52,mg/l,TOC,Total Organic Carbon
11814,2025-12-03T12:30:00.000Z,2025-12-03 12:30:00,0.96,mg/l,BOD,Biochemical Oxygen Demand
11818,2025-12-03T12:30:00.000Z,2025-12-03 12:30:00,1.17,mg/l,BOD,Biochemical Oxygen Demand
11786,2025-12-03T12:30:00.000Z,2025-12-03 12:30:00,22.69,NTU,WTb,Water Turbidity
11802,2025-12-03T12:30:00.000Z,2025-12-03 12:30:00,37.65,mg/l,CL,Chloride
11810,2025-11-02T02:30:00.000Z,2025-11-02 02:30:00,7.24,mg/l,DO,Dissolved Oxygen
11810,2025-11-02T02:30:00.000Z,2025-11-02 02:30:00,0.78,m,Depth,Depth
11817,2025-12-03T12:30:00.000Z,2025-12-03 12:30:00,8.06,---,pH,pH
11797,2025-12-03T12:30:00.000Z,2025-12-03 12:30:00,4.63,---,pH,pH
11786,2025-12-03T12:30:00.000Z,2025-12-03 12:30:00,0.3,mg/l,NO3,Nitrate
11800,2025-12-03T12:30:00.000Z,2025-12-03 12:30:00,68.56,mg/l,CL,Chloride
11801,2025-12-03T12:30:00.000Z,2025-12-03 12:30:00,1.59,mg/l,BOD,Biochemical Oxygen Demand
11791,2022-07-05T10:30:00.000Z,2022-07-05 10:30:00,50.0,mg/l,NO3,Nitrate
11786,2025-12-03T12:30:00.000Z,2025-12-03 12:30:00,10.97,°C,WT,Water Temperature
11810,2025-11-02T02:30:00.000Z,2025-11-02 02:30:00,7.31,mg/l,COD,Chemical Oxygen Demand
11791,2022-07-05T10:30:00.000Z,2022-07-05 10:30:00,930.9,mS/cm,EC,Conductivity
11801,2025-12-03T12:30:00.000Z,2025-12-03 12:30:00,108.38,m above MSL,S,Water Level
11815,2025-12-03T12:30:00.000Z,2025-12-03 12:30:00,2.2,m,Depth,Depth
11803,2025-12-03T12:30:00.000Z,2025-12-03 12:30:00,1577.6,NTU,WTb,Water Turbidity
11794,2025-12-03T11:30:00.000Z,2025-12-03 11:30:00,447.9,NTU,WTb,Water Turbidity
11786,2025-12-03T12:30:00.000Z,2025-12-03 12:30:00,172.4,mS/cm,EC,Conductivity
11795,2025-12-03T12:30:00.000Z,2025-12-03 12:30:00,91.56,m above MSL,S,Water Level
11803,2025-12-03T12:30:00.000Z,2025-12-03 12:30:00,18.75,°C,WT,Water Temperature
11794,2025-12-03T11:30:00.000Z,2025-12-03 11:30:00,17.48,°C,WT,Water Temperature
11786,2025-12-03T12:30:00.000Z,2025-12-03 12:30:00,1.0,mg/l,TOC,Total Organic Carbon
11810,2025-11-02T02:30:00.000Z,2025-11-02 02:30:00,1.11,mg/l,BOD,Biochemical Oxygen Demand
11817,2025-12-03T12:30:00.000Z,2025-12-03 12:30:00,0.3,mg/l,NO3,Nitrate
11797,2025-12-03T12:30:00.000Z,2025-12-03 12:30:00,4.95,mg/l,NO3,Nitrate
11812,2025-12-03T12:30:00.000Z,2025-12-03 12:30:00,8.1,---,pH,pH
11797,2025-12-03T12:30:00.000Z,2025-12-03 12:30:00,101.08,mg/l,CL,Chloride
11806,2025-12-03T12:30:00.000Z,2025-12-03 12:30:00,7.38,---,pH,pH
11817,2025-12-03T12:30:00.000Z,2025-12-03 12:30:00,253.4,mS/cm,EC,Conductivity
11797,2025-12-03T12:30:00.000Z,2025-12-03 12:30:00,637.79,mS/cm,EC,Conductivity
11786,2025-12-03T12:30:00.000Z,2025-12-03 12:30:00,8.45,mg/l,DO,Dissolved Oxygen
11800,2025-12-03T12:30:00.000Z,2025-12-03 12:30:00,48.95,NTU,WTb,Water Turbidity
11791,2022-07-05T10:30:00.000Z,2022-07-05 10:30:00,0.2,mg/l,DO,Dissolved Oxygen
11798,2025-12-03T12:30:00.000Z,2025-12-03 12:30:00,62.11,m above MSL,S,Water Level
11786,2025-12-03T12:30:00.000Z,2025-12-03 12:30:00,8.17,---,pH,pH
11800,2025-12-03T12:30:00.000Z,2025-12-03 12:30:00,20.96,°C,WT,Water Temperature
11791,2022-07-05T10:30:00.000Z,2022-07-05 10:30:00,259.54,mg/l,COD,Chemical Oxygen Demand
11812,2025-12-03T12:30:00.000Z,2025-12-03 12:30:00,0.3,mg/l,NO3,Nitrate
11806,2025-12-03T12:30:00.000Z,2025-12-03 12:30:00,0.3,mg/l,NO3,Nitrate
11803,2025-12-03T12:30:00.000Z,2025-12-03 12:30:00,18.06,mg/l,TOC,Total Organic Carbon
11794,2025-12-03T11:30:00.000Z,2025-12-03 11:30:00,9.22,mg/l,TOC,Total Organic Carbon
11786,2025-12-03T12:30:00.000Z,2025-12-03 12:30:00,5.0,mg/l,COD,Chemical Oxygen Demand
11789,2025-12-03T12:30:00.000Z,2025-12-03 12:30:00,207.04,m above MSL,S,Water Level
11821,2025-12-03T12:30:00.000Z,2025-12-03 12:30:00,22.61,NTU,WTb,Water Turbidity
11809,2025-12-03T12:30:00.000Z,2025-12-03 12:30:00,97.54,NTU,WTb,Water Turbidity
11809,2025-12-03T12:30:00.000Z,2025-12-03 12:30:00,0.94,m,Depth,Depth
11817,2025-12-03T12:30:00.000Z,2025-12-03 12:30:00,6.83,mg/l,DO,Dissolved Oxygen
11797,2025-12-03T12:30:00.000Z,2025-12-03 12:30:00,9.23,mg/l,DO,Dissolved Oxygen
11812,2025-12-03T12:30:00.000Z,2025-12-03 12:30:00,517.45,mS/cm,EC,Conductivity
11806,2025-12-03T12:30:00.000Z,2025-12-03 12:30:00,609.2,mS/cm,EC,Conductivity
11817,2025-12-03T12:30:00.000Z,2025-12-03 12:30:00,9.65,mg/l,COD,Chemical Oxygen Demand
11797,2025-12-03T12:30:00.000Z,2025-12-03 12:30:00,22.06,mg/l,COD,Chemical Oxygen Demand
11786,2025-12-03T12:30:00.000Z,2025-12-03 12:30:00,0.5,mg/l,BOD,Biochemical Oxygen Demand
11813,2025-12-03T12:30:00.000Z,2025-12-03 12:30:00,36.53,m above MSL,S,Water Level
11800,2025-12-03T12:30:00.000Z,2025-12-03 12:30:00,3.3,mg/l,TOC,Total Organic Carbon
11791,2022-07-05T10:30:00.000Z,2022-07-05 10:30:00,72.49,mg/l,BOD,Biochemical Oxygen Demand
11821,2025-12-03T12:30:00.000Z,2025-12-03 12:30:00,15.71,°C,WT,Water Temperature
11809,2025-12-03T12:30:00.000Z,2025-12-03 12:30:00,21.61,°C,WT,Water Temperature
11800,2025-12-03T12:30:00.000Z,2025-12-03 12:30:00,0.92,m,Depth,Depth
11812,2025-12-03T12:30:00.000Z,2025-12-03 12:30:00,7.66,mg/l,DO,Dissolved Oxygen
11806,2025-12-03T12:30:00.000Z,2025-12-03 12:30:00,1.23,mg/l,DO,Dissolved Oxygen
11812,2025-12-03T12:30:00.000Z,2025-12-03 12:30:00,5.0,mg/l,CL,Chloride
11803,2025-12-03T12:30:00.000Z,2025-12-03 12:30:00,7.93,---,pH,pH
11794,2025-12-03T11:30:00.000Z,2025-12-03 11:30:00,7.23,---,pH,pH
11821,2025-12-03T12:30:00.000Z,2025-12-03 12:30:00,1.0,mg/l,TOC,Total Organic Carbon
11809,2025-12-03T12:30:00.000Z,2025-12-03 12:30:00,5.55,mg/l,TOC,Total Organic Carbon
11817,2025-12-03T12:30:00.000Z,2025-12-03 12:30:00,2.35,mg/l,BOD,Biochemical Oxygen Demand
11797,2025-12-03T12:30:00.000Z,2025-12-03 12:30:00,5.51,mg/l,BOD,Biochemical Oxygen Demand
11822,2025-12-03T12:30:00.000Z,2025-12-03 12:30:00,42.73,mg/l,CL,Chloride
11812,2025-12-03T12:30:00.000Z,2025-12-03 12:30:00,10.5,mg/l,COD,Chemical Oxygen Demand
11806,2025-12-03T12:30:00.000Z,2025-12-03 12:30:00,63.03,mg/l,COD,Chemical Oxygen Demand
11785,2025-12-03T12:30:00.000Z,2025-12-03 12:30:00,37.25,NTU,WTb,Water Turbidity
11791,2022-07-05T10:30:00.000Z,2022-07-05 10:30:00,0.0,mg/l,CL,Chloride
11790,2025-12-03T12:30:00.000Z,2025-12-03 12:30:00,218.64,NTU,WTb,Water Turbidity
11783,2025-12-03T12:30:00.000Z,2025-12-03 12:30:00,67.19,m above MSL,S,Water Level
11800,2025-12-03T12:30:00.000Z,2025-12-03 12:30:00,7.19,---,pH,pH
11790,2025-12-03T12:30:00.000Z,2025-12-03 12:30:00,22.59,°C,WT,Water Temperature
11812,2025-12-03T12:30:00.000Z,2025-12-03 12:30:00,2.33,mg/l,BOD,Biochemical Oxygen Demand
11784,2025-12-03T12:30:00.000Z,2025-12-03 12:30:00,0.95,m,Depth,Depth
11819,2025-12-03T12:30:00.000Z,2025-12-03 12:30:00,59.85,mg/l,CL,Chloride
11806,2025-12-03T12:30:00.000Z,2025-12-03 12:30:00,18.01,mg/l,BOD,Biochemical Oxygen Demand
11803,2025-12-03T12:30:00.000Z,2025-12-03 12:30:00,6.35,mg/l,NO3,Nitrate
11794,2025-12-03T11:30:00.000Z,2025-12-03 11:30:00,4.42,mg/l,NO3,Nitrate
11785,2025-12-03T12:30:00.000Z,2025-12-03 12:30:00,19.11,°C,WT,Water Temperature
11803,2025-12-03T12:30:00.000Z,2025-12-03 12:30:00,600.2,mS/cm,EC,Conductivity
11794,2025-12-03T11:30:00.000Z,2025-12-03 11:30:00,602.59,mS/cm,EC,Conductivity
11816,2025-12-03T12:30:00.000Z,2025-12-03 12:30:00,78.97,NTU,WTb,Water Turbidity
11796,2025-12-03T12:30:00.000Z,2025-12-03 12:30:00,40.0,NTU,WTb,Water Turbidity
11802,2025-12-03T12:30:00.000Z,2025-12-03 12:30:00,12.88,mg/l,COD,Chemical Oxygen Demand
11792,2022-10-04T07:30:00.000Z,2022-10-04 07:30:00,0.0,---,pH,pH
11813,2025-12-03T12:30:00.000Z,2025-12-03 12:30:00,4.54,mg/l,TOC,Total Organic Carbon
11807,2025-12-03T12:30:00.000Z,2025-12-03 12:30:00,6.24,mg/l,TOC,Total Organic Carbon
11815,2025-12-03T12:30:00.000Z,2025-12-03 12:30:00,3.04,mg/l,BOD,Biochemical Oxygen Demand
11795,2025-12-03T12:30:00.000Z,2025-12-03 12:30:00,3.31,mg/l,BOD,Biochemical Oxygen Demand
11789,2025-12-03T12:30:00.000Z,2025-12-03 12:30:00,19.76,°C,WT,Water Temperature
11801,2025-12-03T12:30:00.000Z,2025-12-03 12:30:00,81.76,mg/l,CL,Chloride
11804,2025-12-03T12:30:00.000Z,2025-12-03 12:30:00,13.02,mg/l,COD,Chemical Oxygen Demand
11819,2025-12-03T12:30:00.000Z,2025-12-03 12:30:00,33.7,NTU,WTb,Water Turbidity
11787,2025-12-03T12:30:00.000Z,2025-12-03 12:30:00,10.6,NTU,WTb,Water Turbidity
11786,2025-12-03T12:30:00.000Z,2025-12-03 12:30:00,641.39,m above MSL,S,Water Level
11784,2025-12-03T12:30:00.000Z,2025-12-03 12:30:00,7.6,mg/l,DO,Dissolved Oxygen
11804,2025-12-03T12:30:00.000Z,2025-12-03 12:30:00,51.54,m above MSL,S,Water Level
11784,2025-12-03T12:30:00.000Z,2025-12-03 12:30:00,6.47,mg/l,COD,Chemical Oxygen Demand
11788,2025-12-03T12:30:00.000Z,2025-12-03 12:30:00,1.87,m,Depth,Depth
11798,2025-12-03T12:30:00.000Z,2025-12-03 12:30:00,8.22,---,pH,pH
11789,2025-12-03T12:30:00.000Z,2025-12-03 12:30:00,5.34,mg/l,TOC,Total Organic Carbon
11804,2025-12-03T12:30:00.000Z,2025-12-03 12:30:00,3.06,mg/l,BOD,Biochemical Oxygen Demand
11802,2025-12-03T12:30:00.000Z,2025-12-03 12:30:00,3.27,mg/l,BOD,Biochemical Oxygen Demand
11792,2022-10-04T07:30:00.000Z,2022-10-04 07:30:00,0.0,mg/l,NO3,Nitrate
11819,2025-12-03T12:30:00.000Z,2025-12-03 12:30:00,20.91,°C,WT,Water Temperature
11787,2025-12-03T12:30:00.000Z,2025-12-03 12:30:00,15.5,°C,WT,Water Temperature
11792,2022-10-04T07:30:00.000Z,2022-10-04 07:30:00,0.0,mS/cm,EC,Conductivity
11814,2025-12-03T12:30:00.000Z,2025-12-03 12:30:00,2.71,NTU,WTb,Water Turbidity
11818,2025-12-03T12:30:00.000Z,2025-12-03 12:30:00,43.7,NTU,WTb,Water Turbidity
11814,2025-12-03T12:30:00.000Z,2025-12-03 12:30:00,22.91,°C,WT,Water Temperature
11818,2025-12-03T12:30:00.000Z,2025-12-03 12:30:00,19.47,°C,WT,Water Temperature
11819,2025-12-03T12:30:00.000Z,2025-12-03 12:30:00,4.68,mg/l,TOC,Total Organic Carbon
11787,2025-12-03T12:30:00.000Z,2025-12-03 12:30:00,1.0,mg/l,TOC,Total Organic Carbon
11784,2025-12-03T12:30:00.000Z,2025-12-03 12:30:00,1.39,mg/l,BOD,Biochemical Oxygen Demand
11798,2025-12-03T12:30:00.000Z,2025-12-03 12:30:00,1.88,mg/l,NO3,Nitrate
11813,2025-12-03T12:30:00.000Z,2025-12-03 12:30:00,8.23,---,pH,pH
11810,2025-11-02T02:30:00.000Z,2025-11-02 02:30:00,59.31,m above MSL,S,Water Level
11807,2025-12-03T12:30:00.000Z,2025-12-03 12:30:00,8.38,---,pH,pH
11809,2025-12-03T12:30:00.000Z,2025-12-03 12:30:00,12.23,mg/l,CL,Chloride
11798,2025-12-03T12:30:00.000Z,2025-12-03 12:30:00,489.1,mS/cm,EC,Conductivity
11801,2025-12-03T12:30:00.000Z,2025-12-03 12:30:00,2000.0,NTU,WTb,Water Turbidity
11792,2022-10-04T07:30:00.000Z,2022-10-04 07:30:00,0.0,mg/l,DO,Dissolved Oxygen
11801,2025-12-03T12:30:00.000Z,2025-12-03 12:30:00,20.19,°C,WT,Water Temperature
11792,2022-10-04T07:30:00.000Z,2022-10-04 07:30:00,-999.0,mg/l,COD,Chemical Oxygen Demand
11801,2025-12-03T12:30:00.000Z,2025-12-03 12:30:00,1.0,m,Depth,Depth
11813,2025-12-03T12:30:00.000Z,2025-12-03 12:30:00,0.3,mg/l,NO3,Nitrate
11807,2025-12-03T12:30:00.000Z,2025-12-03 12:30:00,0.3,mg/l,NO3,Nitrate
11814,2025-12-03T12:30:00.000Z,2025-12-03 12:30:00,2.9,mg/l,TOC,Total Organic Carbon
11806,2025-12-03T12:30:00.000Z,2025-12-03 12:30:00,5.0,mg/l,CL,Chloride
11818,2025-12-03T12:30:00.000Z,2025-12-03 12:30:00,3.21,mg/l,TOC,Total Organic Carbon
11789,2025-12-03T12:30:00.000Z,2025-12-03 12:30:00,7.03,---,pH,pH
11807,2025-12-03T12:30:00.000Z,2025-12-03 12:30:00,51.44,m above MSL,S,Water Level
11783,2025-12-03T12:30:00.000Z,2025-12-03 12:30:00,12.94,NTU,WTb,Water Turbidity
11798,2025-12-03T12:30:00.000Z,2025-12-03 12:30:00,7.22,mg/l,DO,Dissolved Oxygen
11813,2025-12-03T12:30:00.000Z,2025-12-03 12:30:00,482.18,mS/cm,EC,Conductivity
11807,2025-12-03T12:30:00.000Z,2025-12-03 12:30:00,476.98,mS/cm,EC,Conductivity
11783,2025-12-03T12:30:00.000Z,2025-12-03 12:30:00,22.43,°C,WT,Water Temperature
11821,2025-12-03T12:30:00.000Z,2025-12-03 12:30:00,0.73,m,Depth,Depth
11798,2025-12-03T12:30:00.000Z,2025-12-03 12:30:00,20.48,mg/l,COD,Chemical Oxygen Demand
11789,2025-12-03T12:30:00.000Z,2025-12-03 12:30:00,7.45,mg/l,NO3,Nitrate
11783,2025-12-03T12:30:00.000Z,2025-12-03 12:30:00,38.22,mg/l,CL,Chloride
11801,2025-12-03T12:30:00.000Z,2025-12-03 12:30:00,4.09,mg/l,TOC,Total Organic Carbon
11813,2025-12-03T12:30:00.000Z,2025-12-03 12:30:00,0.68,m,Depth,Depth
11792,2022-10-04T07:30:00.000Z,2022-10-04 07:30:00,0.0,mg/l,BOD,Biochemical Oxygen Demand
11787,2025-12-03T12:30:00.000Z,2025-12-03 12:30:00,8.2,---,pH,pH
11819,2025-12-03T12:30:00.000Z,2025-12-03 12:30:00,9.39,---,pH,pH
11784,2025-12-03T12:30:00.000Z,2025-12-03 12:30:00,308.55,m above MSL,S,Water Level
11796,2025-12-03T12:30:00.000Z,2025-12-03 12:30:00,91.0,m above MSL,S,Water Level
11813,2025-12-03T12:30:00.000Z,2025-12-03 12:30:00,6.79,mg/l,DO,Dissolved Oxygen
11807,2025-12-03T12:30:00.000Z,2025-12-03 12:30:00,8.97,mg/l,DO,Dissolved Oxygen
11789,2025-12-03T12:30:00.000Z,2025-12-03 12:30:00,536.54,mS/cm,EC,Conductivity
11814,2025-12-03T12:30:00.000Z,2025-12-03 12:30:00,8.18,---,pH,pH
11818,2025-12-03T12:30:00.000Z,2025-12-03 12:30:00,7.73,---,pH,pH
11787,2025-12-03T12:30:00.000Z,2025-12-03 12:30:00,0.3,mg/l,NO3,Nitrate
11819,2025-12-03T12:30:00.000Z,2025-12-03 12:30:00,0.3,mg/l,NO3,Nitrate
11789,2025-12-03T12:30:00.000Z,2025-12-03 12:30:00,45.18,mg/l,CL,Chloride
11783,2025-12-03T12:30:00.000Z,2025-12-03 12:30:00,5.07,mg/l,TOC,Total Organic Carbon
11798,2025-12-03T12:30:00.000Z,2025-12-03 12:30:00,4.84,mg/l,BOD,Biochemical Oxygen Demand
11813,2025-12-03T12:30:00.000Z,2025-12-03 12:30:00,9.84,mg/l,COD,Chemical Oxygen Demand
11807,2025-12-03T12:30:00.000Z,2025-12-03 12:30:00,13.73,mg/l,COD,Chemical Oxygen Demand
11783,2025-12-03T12:30:00.000Z,2025-12-03 12:30:00,8.41,---,pH,pH
11797,2025-12-03T12:30:00.000Z,2025-12-03 12:30:00,0.75,m,Depth,Depth
11789,2025-12-03T12:30:00.000Z,2025-12-03 12:30:00,7.73,mg/l,DO,Dissolved Oxygen
11791,2022-07-05T10:30:00.000Z,2022-07-05 10:30:00,139.0,NTU,WTb,Water Turbidity
11788,2025-12-03T12:30:00.000Z,2025-12-03 12:30:00,5.0,mg/l,CL,Chloride
11787,2025-12-03T12:30:00.000Z,2025-12-03 12:30:00,152.0,mS/cm,EC,Conductivity
11819,2025-12-03T12:30:00.000Z,2025-12-03 12:30:00,492.53,mS/cm,EC,Conductivity
11801,2025-12-03T12:30:00.000Z,2025-12-03 12:30:00,7.71,---,pH,pH
11791,2022-07-05T10:30:00.000Z,2022-07-05 10:30:00,37.56,°C,WT,Water Temperature
11799,2025-12-03T12:30:00.000Z,2025-12-03 12:30:00,76.12,m above MSL,S,Water Level
11813,2025-12-03T12:30:00.000Z,2025-12-03 12:30:00,2.27,mg/l,BOD,Biochemical Oxygen Demand
11816,2025-12-03T12:30:00.000Z,2025-12-03 12:30:00,0.96,m,Depth,Depth
11790,2025-12-03T12:30:00.000Z,2025-12-03 12:30:00,206.45,m above MSL,S,Water Level
11807,2025-12-03T12:30:00.000Z,2025-12-03 12:30:00,3.05,mg/l,BOD,Biochemical Oxygen Demand
11814,2025-12-03T12:30:00.000Z,2025-12-03 12:30:00,0.3,mg/l,NO3,Nitrate
11819,2025-12-03T12:30:00.000Z,2025-12-03 12:30:00,0.91,m,Depth,Depth
11818,2025-12-03T12:30:00.000Z,2025-12-03 12:30:00,7.42,mg/l,NO3,Nitrate
11789,2025-12-03T12:30:00.000Z,2025-12-03 12:30:00,11.46,mg/l,COD,Chemical Oxygen Demand
11814,2025-12-03T12:30:00.000Z,2025-12-03 12:30:00,355.65,mS/cm,EC,Conductivity
11818,2025-12-03T12:30:00.000Z,2025-12-03 12:30:00,487.11,mS/cm,EC,Conductivity
11798,2025-12-03T12:30:00.000Z,2025-12-03 12:30:00,51.95,mg/l,CL,Chloride
11787,2025-12-03T12:30:00.000Z,2025-12-03 12:30:00,9.41,mg/l,DO,Dissolved Oxygen
11819,2025-12-03T12:30:00.000Z,2025-12-03 12:30:00,8.44,mg/l,DO,Dissolved Oxygen
11817,2025-12-03T12:30:00.000Z,2025-12-03 12:30:00,103.83,NTU,WTb,Water Turbidity
11797,2025-12-03T12:30:00.000Z,2025-12-03 12:30:00,26.1,NTU,WTb,Water Turbidity
11817,2025-12-03T12:30:00.000Z,2025-12-03 12:30:00,27.23,°C,WT,Water Temperature
11797,2025-12-03T12:30:00.000Z,2025-12-03 12:30:00,21.21,°C,WT,Water Temperature
11789,2025-12-03T12:30:00.000Z,2025-12-03 12:30:00,2.08,mg/l,BOD,Biochemical Oxygen Demand
11801,2025-12-03T12:30:00.000Z,2025-12-03 12:30:00,1.43,mg/l,NO3,Nitrate
11791,2022-07-05T10:30:00.000Z,2022-07-05 10:30:00,108.74,mg/l,TOC,Total Organic Carbon
11816,2025-12-03T12:30:00.000Z,2025-12-03 12:30:00,24.15,mg/l,CL,Chloride
11787,2025-12-03T12:30:00.000Z,2025-12-03 12:30:00,5.0,mg/l,COD,Chemical Oxygen Demand
11803,2025-12-03T12:30:00.000Z,2025-12-03 12:30:00,5.0,mg/l,CL,Chloride
11793,2025-12-03T12:30:00.000Z,2025-12-03 12:30:00,163.59,m above MSL,S,Water Level
11819,2025-12-03T12:30:00.000Z,2025-12-03 12:30:00,10.53,mg/l,COD,Chemical Oxygen Demand
11801,2025-12-03T12:30:00.000Z,2025-12-03 12:30:00,852.76,mS/cm,EC,Conductivity
11812,2025-12-03T12:30:00.000Z,2025-12-03 12:30:00,237.06,NTU,WTb,Water Turbidity
11783,2025-12-03T12:30:00.000Z,2025-12-03 12:30:00,1.8,m,Depth,Depth
11806,2025-12-03T12:30:00.000Z,2025-12-03 12:30:00,55.95,NTU,WTb,Water Turbidity
11811,2025-12-03T12:30:00.000Z,2025-12-03 12:30:00,0.89,m,Depth,Depth
11814,2025-12-03T12:30:00.000Z,2025-12-03 12:30:00,134.22,m above MSL,S,Water Level
11814,2025-12-03T12:30:00.000Z,2025-12-03 12:30:00,7.74,mg/l,DO,Dissolved Oxygen
11818,2025-12-03T12:30:00.000Z,2025-12-03 12:30:00,7.32,mg/l,DO,Dissolved Oxygen
11795,2025-12-03T12:30:00.000Z,2025-12-03 12:30:00,66.02,mg/l,CL,Chloride
